-- MySQL dump 10.13  Distrib 5.7.33, for Win64 (x86_64)
--
-- Host: localhost    Database: library
-- ------------------------------------------------------
-- Server version	5.7.33-log

/*!40101 SET @OLD_CHARACTER_SET_CLIENT=@@CHARACTER_SET_CLIENT */;
/*!40101 SET @OLD_CHARACTER_SET_RESULTS=@@CHARACTER_SET_RESULTS */;
/*!40101 SET @OLD_COLLATION_CONNECTION=@@COLLATION_CONNECTION */;
/*!40101 SET NAMES utf8 */;
/*!40103 SET @OLD_TIME_ZONE=@@TIME_ZONE */;
/*!40103 SET TIME_ZONE='+00:00' */;
/*!40014 SET @OLD_UNIQUE_CHECKS=@@UNIQUE_CHECKS, UNIQUE_CHECKS=0 */;
/*!40014 SET @OLD_FOREIGN_KEY_CHECKS=@@FOREIGN_KEY_CHECKS, FOREIGN_KEY_CHECKS=0 */;
/*!40101 SET @OLD_SQL_MODE=@@SQL_MODE, SQL_MODE='NO_AUTO_VALUE_ON_ZERO' */;
/*!40111 SET @OLD_SQL_NOTES=@@SQL_NOTES, SQL_NOTES=0 */;

--
-- Table structure for table `account`
--

DROP TABLE IF EXISTS `account`;
/*!40101 SET @saved_cs_client     = @@character_set_client */;
/*!40101 SET character_set_client = utf8 */;
CREATE TABLE `account` (
  `id` int(11) NOT NULL AUTO_INCREMENT,
  `lastname` varchar(40) NOT NULL,
  `firstname` varchar(60) NOT NULL,
  `lease_counter` mediumint(8) unsigned DEFAULT '0',
  `email` varchar(255) DEFAULT NULL,
  `rating` float DEFAULT '10',
  PRIMARY KEY (`id`)
) ENGINE=InnoDB AUTO_INCREMENT=1002 DEFAULT CHARSET=latin1;
/*!40101 SET character_set_client = @saved_cs_client */;

--
-- Dumping data for table `account`
--

LOCK TABLES `account` WRITE;
/*!40000 ALTER TABLE `account` DISABLE KEYS */;
INSERT INTO `account` VALUES (1,'Godding','Amara',1,'agodding0@patch.com',10),(2,'Greatbatch','Sharity',2,'sgreatbatch1@hexun.com',10),(3,'Timothy','Nalani',0,'ntimothy2@digg.com',10),(4,'Abdie','Clemente',0,'cabdie3@java.com',10),(5,'Aldcorne','Ozzie',1,'oaldcorne4@java.com',10),(6,'Wildbore','Zulema',0,'zwildbore5@redcross.org',10),(7,'Conklin','Zacherie',0,'zconklin6@netscape.com',10),(8,'Whiteson','Shanna',0,'swhiteson7@instagram.com',10),(9,'Shoreman','Isabeau',0,'ishoreman8@wikipedia.org',10),(10,'Godsal','Loella',0,'lgodsal9@free.fr',10),(11,'Smickle','Jenny',3,'jsmicklea@instagram.com',10),(12,'Shama','Gualterio',2,'gshamab@feedburner.com',10),(13,'Coveny','Kore',0,'kcovenyc@time.com',10),(14,'Hartopp','Ravid',0,'rhartoppd@wufoo.com',10),(15,'Monsey','Keelby',1,'kmonseye@google.co.jp',10),(16,'Laxtonne','Emlen',1,'elaxtonnef@ca.gov',10),(17,'Jeannenet','Onofredo',2,'ojeannenetg@blog.com',10),(18,'Grew','Ansel',2,'agrewh@skyrock.com',10),(19,'Sivewright','Neilla',0,'nsivewrighti@blogspot.com',10),(20,'Acklands','Corella',1,'cacklandsj@stumbleupon.com',10),(21,'Booley','Mattie',1,'mbooleyk@netscape.com',10),(22,'Stonner','Patty',0,'pstonnerl@census.gov',10),(23,'Tuer','Savina',2,'stuerm@home.pl',10),(24,'Takle','Jacenta',0,'jtaklen@over-blog.com',10),(25,'Brik','Ahmed',1,'abriko@360.cn',10),(26,'Poulsen','Livia',3,'lpoulsenp@globo.com',10),(27,'Adenet','Cassey',1,'cadenetq@thetimes.co.uk',10),(28,'Boss','Pembroke',0,'pbossr@mashable.com',10),(29,'Polendine','Berri',0,'bpolendines@sina.com.cn',10),(30,'Conachy','Dede',0,'dconachyt@feedburner.com',10),(31,'Theaker','Vania',1,'vtheakeru@51.la',10),(32,'Molen','Madlen',1,'mmolenv@hud.gov',10),(33,'Maciejak','Tybalt',1,'tmaciejakw@techcrunch.com',10),(34,'Penvarne','Ansel',0,'apenvarnex@usnews.com',10),(35,'MacInnes','Carolina',0,'cmacinnesy@bbc.co.uk',10),(36,'Enrietto','Mariette',2,'menriettoz@zimbio.com',10),(37,'Bluett','Alley',1,'abluett10@clickbank.net',10),(38,'Couch','Kaela',0,'kcouch11@nbcnews.com',10),(39,'Arkcoll','Consalve',0,'carkcoll12@homestead.com',10),(40,'Toten','Jessalin',2,'jtoten13@w3.org',10),(41,'Hornig','Cross',1,'chornig14@newyorker.com',10),(42,'Spelwood','Cara',0,'cspelwood15@cisco.com',10),(43,'Shelliday','Margareta',1,'mshelliday16@people.com.cn',10),(44,'Whiteson','Fidel',1,'fwhiteson17@paginegialle.it',10),(45,'Le-Good','Rey',1,'rlegood18@rakuten.co.jp',10),(46,'Gisburne','Minette',1,'mgisburne19@domainmarket.com',10),(47,'Colvine','Parsifal',3,'pcolvine1a@nature.com',10),(48,'Stratford','Ivory',0,'istratford1b@auda.org.au',10),(49,'Sevin','Gates',1,'gsevin1c@live.com',10),(50,'Sighard','Celisse',2,'csighard1d@gravatar.com',10),(51,'Castagne','Jenelle',0,'jcastagne1e@booking.com',10),(52,'Shelmardine','Dionysus',0,'dshelmardine1f@posterous.com',10),(53,'Cheel','Doralynne',0,'dcheel1g@barnesandnoble.com',10),(54,'Tawse','Brendin',1,'btawse1h@army.mil',10),(55,'Blodg','Rupert',2,'rblodg1i@rediff.com',10),(56,'Tupper','Valera',0,'vtupper1j@slideshare.net',10),(57,'Lambricht','Ricky',3,'rlambricht1k@home.pl',10),(58,'McKeaveney','Nisse',1,'nmckeaveney1l@chicagotribune.com',10),(59,'Robiou','Leodora',0,'lrobiou1m@imageshack.us',10),(60,'Shier','Montgomery',0,'mshier1n@wunderground.com',10),(61,'Smails','Allyn',0,'asmails1o@slate.com',10),(62,'Maudling','Hailey',1,'hmaudling1p@nsw.gov.au',10),(63,'Scrammage','Rorie',0,'rscrammage1q@moonfruit.com',10),(64,'Concannon','Shep',1,'sconcannon1r@accuweather.com',10),(65,'Metherell','Loise',2,'lmetherell1s@prlog.org',10),(66,'Itzig','Jeddy',1,'jitzig1t@sciencedaily.com',10),(67,'Oliveto','Angel',1,'aoliveto1u@addtoany.com',10),(68,'Branthwaite','Greer',0,'gbranthwaite1v@stanford.edu',10),(69,'Parsley','Garek',1,'gparsley1w@netlog.com',10),(70,'Stoyles','Odelinda',0,'ostoyles1x@nifty.com',10),(71,'Raiker','Guglielma',0,'graiker1y@360.cn',10),(72,'Joye','Kalindi',1,'kjoye1z@freewebs.com',10),(73,'Dacca','Pamella',1,'pdacca20@sciencedaily.com',10),(74,'Derbyshire','Ginger',0,'gderbyshire21@examiner.com',10),(75,'Lovatt','Rycca',0,'rlovatt22@ebay.com',10),(76,'Scough','Clyve',0,'cscough23@tuttocitta.it',10),(77,'Lindberg','Shurlocke',0,'slindberg24@reverbnation.com',10),(78,'Poker','Zachery',1,'zpoker25@hubpages.com',10),(79,'Eilert','Veda',1,'veilert26@techcrunch.com',10),(80,'Dewdney','Judye',3,'jdewdney27@barnesandnoble.com',10),(81,'Schleswig-Holstein','Nissy',3,'nschleswigholstein28@cargocollective.com',10),(82,'Dingivan','Tracie',0,'tdingivan29@furl.net',10),(83,'Sealy','Holly',0,'hsealy2a@comsenz.com',10),(84,'Haddington','Christabella',0,'chaddington2b@indiatimes.com',10),(85,'Agg','Aland',1,'aagg2c@twitpic.com',10),(86,'Camili','Sonia',2,'scamili2d@utexas.edu',10),(87,'De Hailes','Nikki',1,'ndehailes2e@forbes.com',10),(88,'Darby','Frants',0,'fdarby2f@house.gov',10),(89,'Brearley','Sydel',1,'sbrearley2g@mysql.com',10),(90,'Duinkerk','El',1,'eduinkerk2h@mail.ru',10),(91,'Saurin','Cicily',0,'csaurin2i@pbs.org',10),(92,'Polotti','Nikki',1,'npolotti2j@meetup.com',10),(93,'Wandrach','Amalita',1,'awandrach2k@unicef.org',10),(94,'Pinnigar','Norry',1,'npinnigar2l@ycombinator.com',10),(95,'Parnby','Lucky',2,'lparnby2m@ed.gov',10),(96,'Schoffel','Darrin',1,'dschoffel2n@ehow.com',10),(97,'Wheowall','Dickie',0,'dwheowall2o@google.fr',10),(98,'Luckett','Kathryn',0,'kluckett2p@hc360.com',10),(99,'Jeppe','Annamarie',1,'ajeppe2q@arstechnica.com',10),(100,'Eyre','Prince',3,'peyre2r@cafepress.com',10),(101,'McGuane','Susi',0,'smcguane2s@cornell.edu',10),(102,'Bonallack','Ara',0,'abonallack2t@hubpages.com',10),(103,'Bradberry','Jefferey',1,'jbradberry2u@fema.gov',10),(104,'Reeveley','Maren',0,'mreeveley2v@surveymonkey.com',10),(105,'Tippler','Coraline',3,'ctippler2w@ucla.edu',10),(106,'Pagan','Dyana',0,'dpagan2x@google.com',10),(107,'Towndrow','Carmina',1,'ctowndrow2y@howstuffworks.com',10),(108,'Milbourn','Sansone',0,'smilbourn2z@java.com',10),(109,'Andri','Phelia',2,'pandri30@ucoz.com',10),(110,'Folke','Binky',1,'bfolke31@statcounter.com',10),(111,'Kilbourne','Desirae',0,'dkilbourne32@sfgate.com',10),(112,'Kilbride','Olivette',0,'okilbride33@multiply.com',10),(113,'Aughton','Bliss',2,'baughton34@cbslocal.com',10),(114,'Waterdrinker','Tony',1,'twaterdrinker35@ask.com',10),(115,'Nisius','Cart',1,'cnisius36@cnet.com',10),(116,'Akid','Maryanna',3,'makid37@google.de',10),(117,'Rowston','Maddalena',1,'mrowston38@privacy.gov.au',10),(118,'Fair','Ettie',3,'efair39@biblegateway.com',10),(119,'Windybank','Nicko',0,'nwindybank3a@wordpress.com',10),(120,'Dalgleish','Herminia',0,'hdalgleish3b@1und1.de',10),(121,'Ellice','Martin',0,'mellice3c@jugem.jp',10),(122,'Brockest','Kristyn',0,'kbrockest3d@bizjournals.com',10),(123,'Reedie','Travers',1,'treedie3e@merriam-webster.com',10),(124,'Erie','Elora',1,'eerie3f@cafepress.com',10),(125,'Kirwin','Casey',2,'ckirwin3g@facebook.com',10),(126,'Massie','Karon',0,'kmassie3h@go.com',10),(127,'Twidell','Persis',0,'ptwidell3i@narod.ru',10),(128,'Lackner','Cole',3,'clackner3j@theglobeandmail.com',10),(129,'Bourdon','Finlay',1,'fbourdon3k@myspace.com',10),(130,'Dener','Mohammed',1,'mdener3l@nature.com',10),(131,'Stoate','Cristin',1,'cstoate3m@livejournal.com',10),(132,'Nehlsen','Kin',0,'knehlsen3n@nba.com',10),(133,'Schuler','Verene',0,'vschuler3o@blogtalkradio.com',10),(134,'Mc Pake','Shara',2,'smcpake3p@mapquest.com',10),(135,'Clemes','Glennis',0,'gclemes3q@techcrunch.com',10),(136,'MacLleese','Arlan',1,'amaclleese3r@marketwatch.com',10),(137,'Stitch','Esta',0,'estitch3s@naver.com',10),(138,'Adrien','Ingrid',1,'iadrien3t@howstuffworks.com',10),(139,'Julien','Erinn',2,'ejulien3u@marriott.com',10),(140,'Govinlock','Lenard',0,'lgovinlock3v@xing.com',10),(141,'Fawcitt','Agnese',0,'afawcitt3w@utexas.edu',10),(142,'Arthur','Adrien',0,'aarthur3x@sakura.ne.jp',10),(143,'Barwise','Lethia',1,'lbarwise3y@dion.ne.jp',10),(144,'Clampin','Anselm',0,'aclampin3z@alexa.com',10),(145,'Rabson','Chris',0,'crabson40@163.com',10),(146,'Caplan','Gigi',1,'gcaplan41@prnewswire.com',10),(147,'Orrocks','Brandyn',1,'borrocks42@ibm.com',10),(148,'Hrishanok','Marmaduke',2,'mhrishanok43@hao123.com',10),(149,'Rive','Rudy',1,'rrive44@nba.com',10),(150,'Beagan','Antonetta',2,'abeagan45@constantcontact.com',10),(151,'Gyer','Darcey',2,'dgyer46@phoca.cz',10),(152,'Sealey','Abdul',1,'asealey47@sfgate.com',10),(153,'Auchterlony','Joli',0,'jauchterlony48@blogtalkradio.com',10),(154,'Hoggetts','Erhard',1,'ehoggetts49@spiegel.de',10),(155,'Metschke','Jori',1,'jmetschke4a@java.com',10),(156,'McGruar','Mady',1,'mmcgruar4b@clickbank.net',10),(157,'Millett','Eberto',2,'emillett4c@miibeian.gov.cn',10),(158,'Rentcome','Joane',2,'jrentcome4d@webnode.com',10),(159,'Giraldon','Malanie',0,'mgiraldon4e@lycos.com',10),(160,'O\'Curran','Filberto',0,'focurran4f@google.com',10),(161,'Brougham','Vivianne',0,'vbrougham4g@house.gov',10),(162,'Kirke','Marylynne',1,'mkirke4h@yale.edu',10),(163,'Farn','Sybila',0,'sfarn4i@mtv.com',10),(164,'Wix','Derek',0,'dwix4j@dedecms.com',10),(165,'Swayne','Shanna',2,'sswayne4k@hugedomains.com',10),(166,'Marchington','North',1,'nmarchington4l@earthlink.net',10),(167,'Kamenar','Colleen',0,'ckamenar4m@issuu.com',10),(168,'Dyos','Stevana',0,'sdyos4n@wired.com',10),(169,'Moraleda','Stavro',3,'smoraleda4o@mtv.com',10),(170,'Blampy','Stormie',2,'sblampy4p@imageshack.us',10),(171,'O\'Fairy','Ealasaid',2,'eofairy4q@zimbio.com',10),(172,'Gallemore','Felicity',1,'fgallemore4r@aboutads.info',10),(173,'Blackett','Penn',0,'pblackett4s@flavors.me',10),(174,'Holson','Michal',0,'mholson4t@about.com',10),(175,'Suffe','Cody',0,'csuffe4u@ucsd.edu',10),(176,'Romi','Marice',0,'mromi4v@sciencedirect.com',10),(177,'Duro','Geralda',1,'gduro4w@princeton.edu',10),(178,'Mitcheson','Ainsley',2,'amitcheson4x@icio.us',10),(179,'Flute','Morna',1,'mflute4y@adobe.com',10),(180,'Mongeot','Zackariah',0,'zmongeot4z@bloglovin.com',10),(181,'Pyzer','Matti',1,'mpyzer50@freewebs.com',10),(182,'Spofforth','Raynell',3,'rspofforth51@weebly.com',10),(183,'Pemberton','Curt',1,'cpemberton52@prlog.org',10),(184,'Philipson','Norean',0,'nphilipson53@yelp.com',10),(185,'Rochewell','Heddie',1,'hrochewell54@paypal.com',10),(186,'Clelle','Elvin',1,'eclelle55@vkontakte.ru',10),(187,'Arpur','Alameda',1,'aarpur56@123-reg.co.uk',10),(188,'Rorke','Murielle',1,'mrorke57@google.de',10),(189,'Rudledge','Chrysa',1,'crudledge58@linkedin.com',10),(190,'Suermeiers','Erinna',0,'esuermeiers59@timesonline.co.uk',10),(191,'Chezier','Janina',1,'jchezier5a@devhub.com',10),(192,'Sackey','Matthiew',2,'msackey5b@usnews.com',10),(193,'Satteford','Ricky',2,'rsatteford5c@npr.org',10),(194,'Fishpool','Kimmie',1,'kfishpool5d@statcounter.com',10),(195,'Leonida','Caterina',0,'cleonida5e@nhs.uk',10),(196,'Tesoe','Catrina',2,'ctesoe5f@statcounter.com',10),(197,'Orthmann','Deana',1,'dorthmann5g@cloudflare.com',10),(198,'Dufton','Nadean',1,'ndufton5h@youtu.be',10),(199,'Bromhead','Nellie',1,'nbromhead5i@ebay.co.uk',10),(200,'Trinkwon','Essie',0,'etrinkwon5j@ca.gov',10),(201,'Stearne','Humfrid',1,'hstearne5k@amazon.com',10),(202,'Rathke','Roze',3,'rrathke5l@about.me',10),(203,'Hughs','Harli',1,'hhughs5m@wisc.edu',10),(204,'Laurance','Jesse',0,'jlaurance5n@blog.com',10),(205,'Boriston','Adrea',0,'aboriston5o@sohu.com',10),(206,'Lawther','Erminie',1,'elawther5p@ted.com',10),(207,'Manueau','Mabelle',1,'mmanueau5q@wisc.edu',10),(208,'Calway','Paulita',0,'pcalway5r@dyndns.org',10),(209,'Chalke','Clarey',0,'cchalke5s@clickbank.net',10),(210,'Embra','Linda',0,'lembra5t@nhs.uk',10),(211,'Lamperti','Gnni',1,'glamperti5u@networkadvertising.org',10),(212,'Milburn','Audi',0,'amilburn5v@addtoany.com',10),(213,'Condie','Rutger',0,'rcondie5w@cyberchimps.com',10),(214,'Blankman','Aylmer',1,'ablankman5x@liveinternet.ru',10),(215,'Crowcher','Loleta',0,'lcrowcher5y@posterous.com',10),(216,'Janoschek','Etheline',0,'ejanoschek5z@thetimes.co.uk',10),(217,'Danford','Bambie',2,'bdanford60@friendfeed.com',10),(218,'Swafield','Gusella',0,'gswafield61@sphinn.com',10),(219,'Baitson','Boyce',0,'bbaitson62@squarespace.com',10),(220,'Vakhrushin','Julian',2,'jvakhrushin63@discuz.net',10),(221,'Roylance','Livvyy',0,'lroylance64@unblog.fr',10),(222,'Bigglestone','Fidelia',0,'fbigglestone65@ustream.tv',10),(223,'Veldens','Felisha',0,'fveldens66@harvard.edu',10),(224,'Ritter','Avivah',1,'aritter67@youku.com',10),(225,'Blasl','Erek',1,'eblasl68@t-online.de',10),(226,'Alstead','Bernard',1,'balstead69@drupal.org',10),(227,'Skedge','Brewer',0,'bskedge6a@canalblog.com',10),(228,'Crann','Boyd',2,'bcrann6b@theguardian.com',10),(229,'Ramirez','George',1,'gramirez6c@booking.com',10),(230,'Jaulmes','Maegan',1,'mjaulmes6d@oracle.com',10),(231,'McHugh','Carolin',0,'cmchugh6e@shutterfly.com',10),(232,'Fanton','Syman',0,'sfanton6f@digg.com',10),(233,'Pudge','Margret',2,'mpudge6g@usgs.gov',10),(234,'Godley','Frasco',0,'fgodley6h@gizmodo.com',10),(235,'Sedgebeer','Guinevere',0,'gsedgebeer6i@boston.com',10),(236,'Diack','Emelina',2,'ediack6j@arstechnica.com',10),(237,'Sircomb','Hobey',0,'hsircomb6k@cnn.com',10),(238,'Chatwin','Wake',1,'wchatwin6l@berkeley.edu',10),(239,'Fright','Torin',1,'tfright6m@phoca.cz',10),(240,'Rimes','Ulick',1,'urimes6n@cornell.edu',10),(241,'Hindsberg','Melosa',0,'mhindsberg6o@samsung.com',10),(242,'McKeever','Cherry',1,'cmckeever6p@csmonitor.com',10),(243,'Thairs','Vinson',2,'vthairs6q@ted.com',10),(244,'Paulus','Far',2,'fpaulus6r@blogs.com',10),(245,'Hawse','Theodoric',0,'thawse6s@symantec.com',10),(246,'Van Dalen','Gib',0,'gvandalen6t@altervista.org',10),(247,'Matousek','Eudora',0,'ematousek6u@craigslist.org',10),(248,'Angelini','Timmi',2,'tangelini6v@about.com',10),(249,'Petschel','Jenna',1,'jpetschel6w@hugedomains.com',10),(250,'Parsley','Baxie',0,'bparsley6x@spotify.com',10),(251,'Bernette','Manfred',1,'mbernette6y@deliciousdays.com',10),(252,'Pargeter','Emelda',0,'epargeter6z@wp.com',10),(253,'Raise','Carmencita',3,'craise70@tiny.cc',10),(254,'Vineall','Arv',1,'avineall71@sourceforge.net',10),(255,'Hacaud','Daphna',1,'dhacaud72@indiegogo.com',10),(256,'Bromont','Cross',1,'cbromont73@miitbeian.gov.cn',10),(257,'Defraine','Masha',1,'mdefraine74@si.edu',10),(258,'Alexsandrovich','Ariana',1,'aalexsandrovich75@gov.uk',10),(259,'Lock','Holly',0,'hlock76@redcross.org',10),(260,'Scandrick','Ebenezer',0,'escandrick77@npr.org',10),(261,'Dytham','Von',1,'vdytham78@plala.or.jp',10),(262,'Bruyns','Claudian',1,'cbruyns79@posterous.com',10),(263,'Espasa','Adrian',2,'aespasa7a@soup.io',10),(264,'Romanetti','Rachel',3,'rromanetti7b@irs.gov',10),(265,'Pulford','Travis',0,'tpulford7c@cafepress.com',10),(266,'Keher','Phoebe',2,'pkeher7d@mysql.com',10),(267,'Allicock','Adriaens',0,'aallicock7e@blogspot.com',10),(268,'Ozintsev','Riordan',0,'rozintsev7f@cbc.ca',10),(269,'Enochsson','Karla',1,'kenochsson7g@icio.us',10),(270,'Furman','Howard',0,'hfurman7h@cisco.com',10),(271,'Stangroom','Lucien',0,'lstangroom7i@sciencedaily.com',10),(272,'Crum','Gram',0,'gcrum7j@chron.com',10),(273,'Mabbutt','Portia',0,'pmabbutt7k@storify.com',10),(274,'Pallis','Jdavie',0,'jpallis7l@msn.com',10),(275,'McMackin','Tiphanie',0,'tmcmackin7m@apache.org',10),(276,'Wastell','Leonardo',2,'lwastell7n@chronoengine.com',10),(277,'Cranston','Amabel',1,'acranston7o@soundcloud.com',10),(278,'Betke','Verine',1,'vbetke7p@npr.org',10),(279,'Wasylkiewicz','Payton',4,'pwasylkiewicz7q@mashable.com',10),(280,'Bartholomieu','Jerrie',0,'jbartholomieu7r@squidoo.com',10),(281,'McNaught','Theo',1,'tmcnaught7s@dmoz.org',10),(282,'Skilbeck','Merrily',1,'mskilbeck7t@hud.gov',10),(283,'Coursor','Clark',2,'ccoursor7u@wisc.edu',10),(284,'Vasilkov','Diarmid',1,'dvasilkov7v@parallels.com',10),(285,'Kleinpeltz','Jemmy',0,'jkleinpeltz7w@dyndns.org',10),(286,'Klemmt','Muffin',0,'mklemmt7x@harvard.edu',10),(287,'Crofts','Bogey',0,'bcrofts7y@phpbb.com',10),(288,'Daville','Brendis',2,'bdaville7z@biglobe.ne.jp',10),(289,'Dawley','Kalvin',0,'kdawley80@mac.com',10),(290,'Ruslin','Job',0,'jruslin81@abc.net.au',10),(291,'Shevels','Lenore',0,'lshevels82@vkontakte.ru',10),(292,'McRuvie','Vittoria',1,'vmcruvie83@desdev.cn',10),(293,'Springell','Dallas',1,'dspringell84@nyu.edu',10),(294,'Lonergan','Patton',0,'plonergan85@plala.or.jp',10),(295,'Wraxall','Dore',0,'dwraxall86@vkontakte.ru',10),(296,'Beebe','Bo',4,'bbeebe87@unicef.org',10),(297,'Bradder','Beryl',2,'bbradder88@blogger.com',10),(298,'Scocroft','Shandee',2,'sscocroft89@slate.com',10),(299,'McKenney','Jemie',0,'jmckenney8a@etsy.com',10),(300,'Gergely','Alexio',1,'agergely8b@example.com',10),(301,'Swaile','Carlina',1,'cswaile8c@ow.ly',10),(302,'Carswell','Jean',2,'jcarswell8d@shop-pro.jp',10),(303,'Antrack','Alyse',1,'aantrack8e@hhs.gov',10),(304,'Loveitt','Fanni',0,'floveitt8f@multiply.com',10),(305,'Hullins','Emalia',2,'ehullins8g@intel.com',10),(306,'Camilli','Anabal',1,'acamilli8h@java.com',10),(307,'Snookes','Taryn',1,'tsnookes8i@yahoo.com',10),(308,'Blurton','Karol',0,'kblurton8j@odnoklassniki.ru',10),(309,'Biddlestone','Whitman',0,'wbiddlestone8k@merriam-webster.com',10),(310,'Beaushaw','Hanan',1,'hbeaushaw8l@craigslist.org',10),(311,'Mathy','Davis',2,'dmathy8m@chicagotribune.com',10),(312,'Kenelin','Leontine',0,'lkenelin8n@google.ru',10),(313,'Linden','Gilemette',0,'glinden8o@unc.edu',10),(314,'Kelsow','Letitia',0,'lkelsow8p@phpbb.com',10),(315,'Farrer','Edd',1,'efarrer8q@netlog.com',10),(316,'Hartegan','Darn',0,'dhartegan8r@microsoft.com',10),(317,'Lockett','Estrellita',1,'elockett8s@dion.ne.jp',10),(318,'Payton','Belvia',2,'bpayton8t@parallels.com',10),(319,'Newlan','Stanislaus',0,'snewlan8u@google.de',10),(320,'Cymper','Pris',2,'pcymper8v@ow.ly',10),(321,'Antuk','Fransisco',0,'fantuk8w@macromedia.com',10),(322,'Icke','Bradan',0,'bicke8x@nydailynews.com',10),(323,'Mapholm','Merna',0,'mmapholm8y@fema.gov',10),(324,'Jelf','Graeme',0,'gjelf8z@marriott.com',10),(325,'Aykroyd','Georgine',1,'gaykroyd90@behance.net',10),(326,'Quene','Karol',1,'kquene91@washington.edu',10),(327,'Sorsbie','Christabel',1,'csorsbie92@homestead.com',10),(328,'O\'Dyvoie','Yvonne',1,'yodyvoie93@newyorker.com',10),(329,'Eggar','Camile',1,'ceggar94@pen.io',10),(330,'Purrington','Noellyn',1,'npurrington95@toplist.cz',10),(331,'Capron','Gussi',0,'gcapron96@un.org',10),(332,'Emms','Anatola',1,'aemms97@va.gov',10),(333,'Drewson','Lanni',1,'ldrewson98@tripadvisor.com',10),(334,'Hand','Willabella',1,'whand99@usgs.gov',10),(335,'Bachnic','Nerti',0,'nbachnic9a@dailymotion.com',10),(336,'Stainson','Teddie',1,'tstainson9b@nhs.uk',10),(337,'Chaim','Brig',3,'bchaim9c@unc.edu',10),(338,'Clynter','Jaime',0,'jclynter9d@goodreads.com',10),(339,'Kikke','Pavia',0,'pkikke9e@tripod.com',10),(340,'Chable','Mack',0,'mchable9f@ibm.com',10),(341,'Klimkovich','Elke',1,'eklimkovich9g@tripadvisor.com',10),(342,'Antonelli','Zuzana',0,'zantonelli9h@howstuffworks.com',10),(343,'Duckit','Geralda',0,'gduckit9i@etsy.com',10),(344,'Lanston','Corrine',0,'clanston9j@github.io',10),(345,'Linneman','Kirbee',0,'klinneman9k@theglobeandmail.com',10),(346,'Heugle','Mattheus',1,'mheugle9l@digg.com',10),(347,'Peagrim','Nessy',0,'npeagrim9m@cnbc.com',10),(348,'Rudall','Shane',1,'srudall9n@redcross.org',10),(349,'Bolzmann','Allyn',0,'abolzmann9o@un.org',10),(350,'Soldan','Alvera',1,'asoldan9p@globo.com',10),(351,'Habberjam','Idelle',1,'ihabberjam9q@jigsy.com',10),(352,'Prosser','Etti',0,'eprosser9r@columbia.edu',10),(353,'Leas','Lavena',1,'lleas9s@cmu.edu',10),(354,'Skelhorn','Bridie',0,'bskelhorn9t@upenn.edu',10),(355,'Wyeld','Ernst',0,'ewyeld9u@spiegel.de',10),(356,'Hintze','Yevette',2,'yhintze9v@yandex.ru',10),(357,'Grim','Leeland',0,'lgrim9w@guardian.co.uk',10),(358,'Pretsel','Rabbi',0,'rpretsel9x@livejournal.com',10),(359,'Ponte','Sheffie',0,'sponte9y@seattletimes.com',10),(360,'Gunbie','Casie',2,'cgunbie9z@dmoz.org',10),(361,'Orsi','Susanna',0,'sorsia0@barnesandnoble.com',10),(362,'Brownrigg','Annissa',0,'abrownrigga1@sourceforge.net',10),(363,'Pershouse','Bordie',0,'bpershousea2@topsy.com',10),(364,'Palin','Toiboid',1,'tpalina3@oakley.com',10),(365,'Tennison','Gerick',1,'gtennisona4@usatoday.com',10),(366,'Uzzell','Shirlene',0,'suzzella5@hostgator.com',10),(367,'Stobbie','Clerkclaude',3,'cstobbiea6@arstechnica.com',10),(368,'Lorenzetto','Leslie',0,'llorenzettoa7@privacy.gov.au',10),(369,'Fidilis','Marice',0,'mfidilisa8@apache.org',10),(370,'Cambling','Ermentrude',1,'ecamblinga9@spiegel.de',10),(371,'Daunter','Atalanta',0,'adaunteraa@issuu.com',10),(372,'Moisey','Hillery',1,'hmoiseyab@mit.edu',10),(373,'Owain','Thatcher',4,'towainac@bluehost.com',10),(374,'Kun','Juliane',2,'jkunad@skype.com',10),(375,'Damant','Wakefield',0,'wdamantae@cnbc.com',10),(376,'Cordey','Bert',0,'bcordeyaf@biglobe.ne.jp',10),(377,'Wehner','Aili',2,'awehnerag@xinhuanet.com',10),(378,'Heistermann','Elizabeth',0,'eheistermannah@cloudflare.com',10),(379,'Presho','Art',0,'apreshoai@buzzfeed.com',10),(380,'Jaumet','Becca',1,'bjaumetaj@japanpost.jp',10),(381,'Linforth','Andra',1,'alinforthak@amazon.co.jp',10),(382,'Darby','Tomas',1,'tdarbyal@gravatar.com',10),(383,'Lakenton','Ingeberg',2,'ilakentonam@latimes.com',10),(384,'Woodington','Diena',0,'dwoodingtonan@redcross.org',10),(385,'Luparto','Claus',1,'clupartoao@mozilla.org',10),(386,'Burridge','Prissie',1,'pburridgeap@simplemachines.org',10),(387,'Milson','Hedvige',0,'hmilsonaq@msu.edu',10),(388,'Rollings','Salaidh',1,'srollingsar@harvard.edu',10),(389,'Minney','Danice',1,'dminneyas@weibo.com',10),(390,'John','Michell',0,'mjohnat@salon.com',10),(391,'Meugens','Cariotta',1,'cmeugensau@phoca.cz',10),(392,'Ortner','Addie',0,'aortnerav@unblog.fr',10),(393,'Windrass','Regen',0,'rwindrassaw@merriam-webster.com',10),(394,'Erswell','Theresina',1,'terswellax@seattletimes.com',10),(395,'Methley','Vi',3,'vmethleyay@tinyurl.com',10),(396,'Beddard','Bartlett',3,'bbeddardaz@naver.com',10),(397,'O\'Flynn','Titos',2,'toflynnb0@earthlink.net',10),(398,'Camier','Brander',0,'bcamierb1@yellowpages.com',10),(399,'Yven','Lesley',0,'lyvenb2@free.fr',10),(400,'Borg-Bartolo','Washington',1,'wborgbartolob3@alexa.com',10),(401,'Hughf','Asher',0,'ahughfb4@irs.gov',10),(402,'Jerg','Whit',1,'wjergb5@google.de',10),(403,'Quarry','Freddy',2,'fquarryb6@zimbio.com',10),(404,'Mc Curlye','Aili',2,'amccurlyeb7@reverbnation.com',10),(405,'Tanti','Shanda',0,'stantib8@netlog.com',10),(406,'Tasker','Alisander',1,'ataskerb9@si.edu',10),(407,'Willows','Jarrett',0,'jwillowsba@networksolutions.com',10),(408,'McWhin','Ailsun',0,'amcwhinbb@posterous.com',10),(409,'Minocchi','Gaston',0,'gminocchibc@nasa.gov',10),(410,'Gutsell','Hagen',3,'hgutsellbd@soup.io',10),(411,'Kirkness','Matelda',0,'mkirknessbe@flavors.me',10),(412,'Nusche','Jobie',1,'jnuschebf@digg.com',10),(413,'Charpin','Flo',0,'fcharpinbg@angelfire.com',10),(414,'Roxbrough','Hadria',1,'hroxbroughbh@sogou.com',10),(415,'Musico','Olia',1,'omusicobi@list-manage.com',10),(416,'Hand','Darcy',0,'dhandbj@posterous.com',10),(417,'Murricanes','Celie',0,'cmurricanesbk@facebook.com',10),(418,'Duckerin','Karla',2,'kduckerinbl@issuu.com',10),(419,'Dunkerley','Josefa',1,'jdunkerleybm@zimbio.com',10),(420,'Coulman','Sutherlan',0,'scoulmanbn@oracle.com',10),(421,'Cardon','Tore',2,'tcardonbo@sphinn.com',10),(422,'Harrowell','Andeee',2,'aharrowellbp@webeden.co.uk',10),(423,'Swancock','Willie',0,'wswancockbq@youku.com',10),(424,'Truter','Edsel',0,'etruterbr@pen.io',10),(425,'Ventris','Brena',2,'bventrisbs@intel.com',10),(426,'Keitley','Maurizio',1,'mkeitleybt@themeforest.net',10),(427,'Theunissen','Jordana',0,'jtheunissenbu@prnewswire.com',10),(428,'Oblein','Elisha',2,'eobleinbv@japanpost.jp',10),(429,'Hugland','Maurise',1,'mhuglandbw@google.ru',10),(430,'Theze','Zuzana',0,'zthezebx@businessinsider.com',10),(431,'Tait','Thedric',1,'ttaitby@cafepress.com',10),(432,'Bilbrook','Korney',3,'kbilbrookbz@hubpages.com',10),(433,'Pashan','Dorelle',0,'dpashanc0@slashdot.org',10),(434,'Allibon','Peyter',1,'pallibonc1@cam.ac.uk',10),(435,'Brim','Lilian',0,'lbrimc2@usgs.gov',10),(436,'Spurritt','Fredia',1,'fspurrittc3@un.org',10),(437,'Croxley','Eyde',6,'ecroxleyc4@google.nl',10),(438,'Dreelan','Clary',2,'cdreelanc5@woothemes.com',10),(439,'Addicote','Elonore',5,'eaddicotec6@alibaba.com',10),(440,'Fowells','Essy',0,'efowellsc7@yandex.ru',10),(441,'Methingam','Violet',1,'vmethingamc8@unc.edu',10),(442,'MacKill','Cilka',0,'cmackillc9@wufoo.com',10),(443,'Beever','Genia',0,'gbeeverca@europa.eu',10),(444,'Bastock','Brandy',2,'bbastockcb@linkedin.com',10),(445,'Murrigans','Diane-marie',0,'dmurriganscc@geocities.jp',10),(446,'Bellenger','Web',0,'wbellengercd@icio.us',10),(447,'Rubi','Bathsheba',2,'brubice@army.mil',10),(448,'Grigoletti','Odie',4,'ogrigoletticf@topsy.com',10),(449,'Ellse','Robinett',0,'rellsecg@bravesites.com',10),(450,'Jonuzi','Bunny',1,'bjonuzich@vinaora.com',10),(451,'Eldritt','Nerte',0,'neldrittci@wired.com',10),(452,'Prentice','Donetta',1,'dprenticecj@ucoz.ru',10),(453,'Cosin','Janene',0,'jcosinck@hexun.com',10),(454,'Thames','Ronny',0,'rthamescl@istockphoto.com',10),(455,'Farman','Marget',2,'mfarmancm@cargocollective.com',10),(456,'Renshaw','Gaston',0,'grenshawcn@goodreads.com',10),(457,'Jennemann','Darla',1,'djennemannco@hud.gov',10),(458,'Idel','Jude',0,'jidelcp@blogger.com',10),(459,'Josephs','Gordan',0,'gjosephscq@cmu.edu',10),(460,'Gladyer','Fawne',0,'fgladyercr@cbsnews.com',10),(461,'Ansley','Shepperd',1,'sansleycs@symantec.com',10),(462,'Malim','Violante',2,'vmalimct@hubpages.com',10),(463,'Fallow','Daron',2,'dfallowcu@exblog.jp',10),(464,'Petrasso','Sophey',0,'spetrassocv@uiuc.edu',10),(465,'Gai','Jamaal',2,'jgaicw@friendfeed.com',10),(466,'Coggell','Murray',0,'mcoggellcx@telegraph.co.uk',10),(467,'Curdell','Dyanna',0,'dcurdellcy@printfriendly.com',10),(468,'Jarry','Catherine',0,'cjarrycz@mediafire.com',10),(469,'Bate','Angel',0,'abated0@loc.gov',10),(470,'Boothby','Forster',0,'fboothbyd1@google.ru',10),(471,'Molder','Cletis',0,'cmolderd2@dmoz.org',10),(472,'Greep','Celine',0,'cgreepd3@unicef.org',10),(473,'Grelka','Sydel',0,'sgrelkad4@cyberchimps.com',10),(474,'Mingay','Stephani',1,'smingayd5@homestead.com',10),(475,'Woloschin','Sidney',1,'swoloschind6@photobucket.com',10),(476,'Chrstine','Druci',0,'dchrstined7@sogou.com',10),(477,'Morican','Maxwell',1,'mmoricand8@gnu.org',10),(478,'Feakins','Corinna',1,'cfeakinsd9@1und1.de',10),(479,'Kilborn','Aaren',1,'akilbornda@php.net',10),(480,'Genney','Leonie',0,'lgenneydb@xing.com',10),(481,'Elgey','Alverta',0,'aelgeydc@nbcnews.com',10),(482,'Delhanty','Mickie',0,'mdelhantydd@google.com.au',10),(483,'Dignam','Bear',1,'bdignamde@tripod.com',10),(484,'Mumm','Deloria',1,'dmummdf@joomla.org',10),(485,'Lartice','Cosmo',0,'clarticedg@ed.gov',10),(486,'Sodory','Darla',2,'dsodorydh@tiny.cc',10),(487,'Reddecliffe','Faith',1,'freddecliffedi@so-net.ne.jp',10),(488,'Rieme','Walt',0,'wriemedj@issuu.com',10),(489,'Rawcliff','Melanie',2,'mrawcliffdk@newsvine.com',10),(490,'Ivanchov','Sinclair',0,'sivanchovdl@cocolog-nifty.com',10),(491,'Fibbitts','Letti',0,'lfibbittsdm@ning.com',10),(492,'Pudney','Sibyl',1,'spudneydn@businessinsider.com',10),(493,'Hartil','Craggy',0,'chartildo@twitpic.com',10),(494,'Jubert','Tamas',1,'tjubertdp@sun.com',10),(495,'Bingham','Erie',1,'ebinghamdq@geocities.jp',10),(496,'Veryard','Eunice',0,'everyarddr@cnbc.com',10),(497,'Goggin','Keslie',1,'kgogginds@ezinearticles.com',10),(498,'Nurcombe','Laurice',1,'lnurcombedt@canalblog.com',10),(499,'Bratty','Kimberlee',0,'kbrattydu@economist.com',10),(500,'Risbrough','Arnaldo',2,'arisbroughdv@mit.edu',10),(501,'Lagde','Joellyn',1,'jlagdedw@amazon.co.jp',10),(502,'Goodsir','Annetta',2,'agoodsirdx@addthis.com',10),(503,'Dumbrill','Dana',0,'ddumbrilldy@people.com.cn',10),(504,'Silby','Dorthy',1,'dsilbydz@yale.edu',10),(505,'Wimsett','Brandie',1,'bwimsette0@gov.uk',10),(506,'Hounsom','Morry',3,'mhounsome1@instagram.com',10),(507,'Franschini','Keir',1,'kfranschinie2@ask.com',10),(508,'Hainge','Lilias',1,'lhaingee3@vk.com',10),(509,'McNeish','Marion',1,'mmcneishe4@squidoo.com',10),(510,'Denerley','Merla',0,'mdenerleye5@fotki.com',10),(511,'Rowlin','Dion',0,'drowline6@chron.com',10),(512,'Crosgrove','Lauritz',1,'lcrosgrovee7@about.com',10),(513,'Ovitts','Corena',3,'covittse8@wordpress.org',10),(514,'Melior','Darin',0,'dmeliore9@aol.com',10),(515,'Amdohr','Sissie',0,'samdohrea@ftc.gov',10),(516,'Cornuau','Giorgi',0,'gcornuaueb@shop-pro.jp',10),(517,'Scohier','Emelda',0,'escohierec@privacy.gov.au',10),(518,'Yeudall','Ruttger',1,'ryeudalled@google.de',10),(519,'O\'Doghesty','Shea',3,'sodoghestyee@bloglines.com',10),(520,'Serle','Joshia',0,'jserleef@storify.com',10),(521,'Stockhill','Mufinella',1,'mstockhilleg@miitbeian.gov.cn',10),(522,'Barlow','Kali',1,'kbarloweh@samsung.com',10),(523,'Leinweber','Elisa',0,'eleinweberei@biglobe.ne.jp',10),(524,'Petow','Lyndsie',0,'lpetowej@51.la',10),(525,'Waywell','Cornelle',0,'cwaywellek@archive.org',10),(526,'Collcutt','Geordie',2,'gcollcuttel@cnet.com',10),(527,'Henzley','Park',1,'phenzleyem@cornell.edu',10),(528,'Whittlesea','Van',1,'vwhittleseaen@engadget.com',10),(529,'Swait','Teressa',1,'tswaiteo@shinystat.com',10),(530,'Jans','Elly',1,'ejansep@squidoo.com',10),(531,'Deegin','Ingaberg',0,'ideegineq@usatoday.com',10),(532,'Vause','Farand',2,'fvauseer@123-reg.co.uk',10),(533,'Venneur','Malva',1,'mvenneures@youtube.com',10),(534,'Burgon','Granger',0,'gburgonet@msu.edu',10),(535,'Armor','Paige',2,'parmoreu@networksolutions.com',10),(536,'Conaghy','Anneliese',0,'aconaghyev@cocolog-nifty.com',10),(537,'Atto','Dorothee',1,'dattoew@google.es',10),(538,'Linskill','Janenna',0,'jlinskillex@alibaba.com',10),(539,'Tire','Dun',2,'dtireey@redcross.org',10),(540,'Sermin','Wren',0,'wserminez@craigslist.org',10),(541,'Wheelan','Honoria',0,'hwheelanf0@last.fm',10),(542,'Faier','Derron',0,'dfaierf1@purevolume.com',10),(543,'Gimson','Gail',1,'ggimsonf2@cnbc.com',10),(544,'Bloggett','Leta',2,'lbloggettf3@thetimes.co.uk',10),(545,'Eudall','Micaela',0,'meudallf4@samsung.com',10),(546,'Howle','Aura',0,'ahowlef5@bizjournals.com',10),(547,'Dowyer','Suzanne',0,'sdowyerf6@ovh.net',10),(548,'Rushworth','Link',1,'lrushworthf7@epa.gov',10),(549,'Finlaison','Carla',0,'cfinlaisonf8@sogou.com',10),(550,'Haccleton','Eada',0,'ehaccletonf9@g.co',10),(551,'Allenson','Morton',1,'mallensonfa@utexas.edu',10),(552,'Graysmark','Riobard',1,'rgraysmarkfb@furl.net',10),(553,'Orton','Dion',2,'dortonfc@abc.net.au',10),(554,'Mityashin','Jami',0,'jmityashinfd@ucoz.com',10),(555,'Bruster','Celestyna',0,'cbrusterfe@chicagotribune.com',10),(556,'McCunn','Sylvester',2,'smccunnff@360.cn',10),(557,'Satterthwaite','Brenden',2,'bsatterthwaitefg@ycombinator.com',10),(558,'Eckert','Teirtza',0,'teckertfh@usda.gov',10),(559,'Sprigin','Dianna',2,'dspriginfi@eventbrite.com',10),(560,'Charpling','Laural',1,'lcharplingfj@npr.org',10),(561,'Wollacott','Bidget',0,'bwollacottfk@pen.io',10),(562,'Barczewski','Tammy',1,'tbarczewskifl@smh.com.au',10),(563,'Corain','Thornie',1,'tcorainfm@jimdo.com',10),(564,'Georgins','Kettie',1,'kgeorginsfn@about.com',10),(565,'Tattersall','Loni',2,'ltattersallfo@jalbum.net',10),(566,'Kidner','Blondy',0,'bkidnerfp@indiatimes.com',10),(567,'Chessill','John',0,'jchessillfq@buzzfeed.com',10),(568,'Wallis','Ardyth',0,'awallisfr@free.fr',10),(569,'Fenix','Patrica',2,'pfenixfs@mayoclinic.com',10),(570,'McAllester','Zachary',1,'zmcallesterft@umn.edu',10),(571,'Davie','Kayley',0,'kdaviefu@imgur.com',10),(572,'Willeson','Stacee',1,'swillesonfv@yahoo.co.jp',10),(573,'Millmoe','Lucas',1,'lmillmoefw@webnode.com',10),(574,'Donwell','Melitta',1,'mdonwellfx@usnews.com',10),(575,'Icke','Kit',0,'kickefy@webs.com',10),(576,'Manzell','Amandi',2,'amanzellfz@opensource.org',10),(577,'Jeanneau','Wallis',0,'wjeanneaug0@hud.gov',10),(578,'Wollard','Elysia',2,'ewollardg1@csmonitor.com',10),(579,'Heikkinen','De',0,'dheikkineng2@biglobe.ne.jp',10),(580,'Murtell','Pearline',0,'pmurtellg3@twitpic.com',10),(581,'Saville','Tomkin',2,'tsavilleg4@gmpg.org',10),(582,'Capnor','Emyle',0,'ecapnorg5@seesaa.net',10),(583,'Pridden','Cindra',1,'cpriddeng6@umich.edu',10),(584,'Vogeler','Marve',0,'mvogelerg7@howstuffworks.com',10),(585,'Dandy','Franzen',0,'fdandyg8@tripadvisor.com',10),(586,'Wissbey','Cristobal',1,'cwissbeyg9@xinhuanet.com',10),(587,'Holtham','Valaria',1,'vholthamga@microsoft.com',10),(588,'Risbrough','Gwenore',1,'grisbroughgb@bloomberg.com',10),(589,'Stredwick','Alana',2,'astredwickgc@gizmodo.com',10),(590,'Daltrey','Lilli',0,'ldaltreygd@google.com',10),(591,'Kliement','Fabe',0,'fkliementge@squarespace.com',10),(592,'Denson','Shantee',1,'sdensongf@yale.edu',10),(593,'Emsley','Basilio',0,'bemsleygg@alexa.com',10),(594,'Avent','Sonnie',0,'saventgh@amazon.co.uk',10),(595,'Davidovici','Blanca',1,'bdavidovicigi@flavors.me',10),(596,'Linacre','Liam',2,'llinacregj@flickr.com',10),(597,'Wesgate','Lissa',1,'lwesgategk@eventbrite.com',10),(598,'Bingham','Adey',1,'abinghamgl@deviantart.com',10),(599,'Thorington','Jocelin',0,'jthoringtongm@topsy.com',10),(600,'Cottrell','Cristine',0,'ccottrellgn@foxnews.com',10),(601,'Bellocht','Tabbie',0,'tbellochtgo@marketwatch.com',10),(602,'Argente','Weylin',1,'wargentegp@google.co.uk',10),(603,'Pantling','Maisey',0,'mpantlinggq@cbsnews.com',10),(604,'Beretta','Adelle',0,'aberettagr@dion.ne.jp',10),(605,'Connolly','Yuma',1,'yconnollygs@tumblr.com',10),(606,'Signori','Helyn',0,'hsignorigt@mlb.com',10),(607,'Karadzas','Don',2,'dkaradzasgu@telegraph.co.uk',10),(608,'Bence','Emelina',1,'ebencegv@sbwire.com',10),(609,'Behninck','Fancy',1,'fbehninckgw@csmonitor.com',10),(610,'Focke','Maisey',1,'mfockegx@ezinearticles.com',10),(611,'Lilley','Curtis',0,'clilleygy@boston.com',10),(612,'Paddie','Brynn',0,'bpaddiegz@hhs.gov',10),(613,'Binch','Johnathan',0,'jbinchh0@xing.com',10),(614,'Vize','Barris',2,'bvizeh1@businessinsider.com',10),(615,'Dangl','Danika',2,'ddanglh2@istockphoto.com',10),(616,'Thickens','Cynthie',2,'cthickensh3@tinypic.com',10),(617,'Slaney','Whitman',0,'wslaneyh4@t-online.de',10),(618,'Ashborn','Robb',0,'rashbornh5@alexa.com',10),(619,'Bevar','Bibbye',0,'bbevarh6@xing.com',10),(620,'Woollaston','Kattie',0,'kwoollastonh7@deliciousdays.com',10),(621,'Ranyard','Wendi',1,'wranyardh8@disqus.com',10),(622,'Cissen','Elana',0,'ecissenh9@boston.com',10),(623,'Dupey','Merline',2,'mdupeyha@histats.com',10),(624,'Aitchison','Tobias',0,'taitchisonhb@bing.com',10),(625,'Reditt','Lenee',0,'lreditthc@blogtalkradio.com',10),(626,'Trevett','Bonnee',0,'btrevetthd@plala.or.jp',10),(627,'Wint','Erek',2,'ewinthe@umich.edu',10),(628,'Orrey','Elaina',0,'eorreyhf@samsung.com',10),(629,'Castelain','Sharl',1,'scastelainhg@businesswire.com',10),(630,'Dubs','Baxy',1,'bdubshh@walmart.com',10),(631,'Pocklington','Stanton',0,'spocklingtonhi@stumbleupon.com',10),(632,'Franscioni','Melisent',0,'mfranscionihj@mediafire.com',10),(633,'Starton','Tabatha',2,'tstartonhk@discovery.com',10),(634,'Terrell','Prisca',2,'pterrellhl@dell.com',10),(635,'Drexel','Fax',1,'fdrexelhm@weather.com',10),(636,'Stride','Dacy',3,'dstridehn@reverbnation.com',10),(637,'Casali','Stacia',2,'scasaliho@arstechnica.com',10),(638,'Duignan','Simone',1,'sduignanhp@microsoft.com',10),(639,'Geldart','Arri',0,'ageldarthq@trellian.com',10),(640,'Yellowley','Toby',0,'tyellowleyhr@bbc.co.uk',10),(641,'Adaway','Ashla',0,'aadawayhs@ifeng.com',10),(642,'Drife','Normy',1,'ndrifeht@miibeian.gov.cn',10),(643,'Pitrollo','Westley',3,'wpitrollohu@youku.com',10),(644,'Franzewitch','Johan',2,'jfranzewitchhv@lycos.com',10),(645,'Yelden','Darbee',2,'dyeldenhw@hc360.com',10),(646,'Hordle','Mareah',2,'mhordlehx@dropbox.com',10),(647,'Kinnier','Dulsea',1,'dkinnierhy@ask.com',10),(648,'Brik','Enrique',1,'ebrikhz@prlog.org',10),(649,'Ackers','Brigit',2,'backersi0@last.fm',10),(650,'Tompsett','Farlie',0,'ftompsetti1@squidoo.com',10),(651,'Sherme','Stanford',0,'sshermei2@hud.gov',10),(652,'Elcott','Brit',0,'belcotti3@nsw.gov.au',10),(653,'Motto','Abdel',1,'amottoi4@alexa.com',10),(654,'Dyzart','Elbert',1,'edyzarti5@google.de',10),(655,'Vallintine','Glenna',3,'gvallintinei6@diigo.com',10),(656,'Farley','Letizia',0,'lfarleyi7@deliciousdays.com',10),(657,'Grief','Hillyer',2,'hgriefi8@woothemes.com',10),(658,'Consadine','Jaine',1,'jconsadinei9@alexa.com',10),(659,'Comusso','Cesaro',0,'ccomussoia@boston.com',10),(660,'Durham','Nikos',1,'ndurhamib@facebook.com',10),(661,'Pepye','Carin',0,'cpepyeic@rakuten.co.jp',10),(662,'Currom','Griffin',0,'gcurromid@virginia.edu',10),(663,'Bubear','Carri',1,'cbubearie@pen.io',10),(664,'Tomasutti','Karim',2,'ktomasuttiif@godaddy.com',10),(665,'Ruby','Burgess',2,'brubyig@nytimes.com',10),(666,'Swanson','Cayla',1,'cswansonih@amazon.com',10),(667,'Cosgriff','Luciana',2,'lcosgriffii@stumbleupon.com',10),(668,'Willshire','Cate',0,'cwillshireij@t.co',10),(669,'Rose','Bidget',1,'broseik@ft.com',10),(670,'Gladebeck','Baldwin',1,'bgladebeckil@blinklist.com',10),(671,'Seakin','Iggie',0,'iseakinim@pcworld.com',10),(672,'Alderton','Reilly',1,'raldertonin@lulu.com',10),(673,'Normanvell','Aurlie',1,'anormanvellio@so-net.ne.jp',10),(674,'Jardin','Maryanna',1,'mjardinip@cnet.com',10),(675,'Spanswick','Em',2,'espanswickiq@msn.com',10),(676,'Gavagan','Christophorus',1,'cgavaganir@4shared.com',10),(677,'Corneljes','Caralie',0,'ccorneljesis@printfriendly.com',10),(678,'Braga','Prudi',0,'pbragait@disqus.com',10),(679,'Lamcken','Calvin',3,'clamckeniu@vkontakte.ru',10),(680,'Masey','Solly',0,'smaseyiv@chronoengine.com',10),(681,'Antoniak','Wilmette',0,'wantoniakiw@sphinn.com',10),(682,'Mirralls','Mariejeanne',0,'mmirrallsix@disqus.com',10),(683,'Borzoni','Corella',0,'cborzoniiy@addthis.com',10),(684,'Yegorshin','Lovell',1,'lyegorshiniz@google.cn',10),(685,'Roumier','Aggie',0,'aroumierj0@amazonaws.com',10),(686,'Greyes','Cookie',1,'cgreyesj1@so-net.ne.jp',10),(687,'Godding','Cindra',2,'cgoddingj2@edublogs.org',10),(688,'Brawley','Farrand',1,'fbrawleyj3@vistaprint.com',10),(689,'Keizman','Kare',0,'kkeizmanj4@weather.com',10),(690,'Jordison','Berrie',0,'bjordisonj5@squidoo.com',10),(691,'Howman','Nikolaus',2,'nhowmanj6@rediff.com',10),(692,'Chopin','Monah',0,'mchopinj7@utexas.edu',10),(693,'Groomebridge','Edith',0,'egroomebridgej8@omniture.com',10),(694,'Aaronsohn','Hana',0,'haaronsohnj9@taobao.com',10),(695,'Ainscow','Rosalynd',0,'rainscowja@biglobe.ne.jp',10),(696,'Sauniere','Filberto',2,'fsaunierejb@meetup.com',10),(697,'Nendick','Pattie',1,'pnendickjc@shutterfly.com',10),(698,'Jakubovsky','Valma',0,'vjakubovskyjd@netscape.com',10),(699,'Glanfield','Forrest',0,'fglanfieldje@ebay.com',10),(700,'Jenkison','Miguelita',0,'mjenkisonjf@mozilla.org',10),(701,'Petel','Keeley',0,'kpeteljg@merriam-webster.com',10),(702,'Fortune','Edi',2,'efortunejh@prlog.org',10),(703,'Leahy','Latrena',1,'lleahyji@miibeian.gov.cn',10),(704,'Farnell','Trev',0,'tfarnelljj@google.it',10),(705,'Devenish','Carole',0,'cdevenishjk@ebay.com',10),(706,'Bridgestock','Jasun',0,'jbridgestockjl@shutterfly.com',10),(707,'Marquis','Wileen',2,'wmarquisjm@constantcontact.com',10),(708,'Mathe','Celia',4,'cmathejn@msn.com',10),(709,'Beardon','Kristopher',1,'kbeardonjo@reference.com',10),(710,'Mapes','Bertine',0,'bmapesjp@webeden.co.uk',10),(711,'Bear','Jan',2,'jbearjq@chronoengine.com',10),(712,'Cocke','Barnabe',0,'bcockejr@eepurl.com',10),(713,'Newcombe','Olia',1,'onewcombejs@biglobe.ne.jp',10),(714,'Ionnisian','Kirbee',0,'kionnisianjt@ebay.co.uk',10),(715,'Lahrs','Emmie',1,'elahrsju@goo.gl',10),(716,'Habbijam','Penni',0,'phabbijamjv@elegantthemes.com',10),(717,'Arrowsmith','Gar',1,'garrowsmithjw@1688.com',10),(718,'Keepin','Hamlin',1,'hkeepinjx@squidoo.com',10),(719,'Soloway','Annabela',1,'asolowayjy@delicious.com',10),(720,'Mountlow','Horatio',1,'hmountlowjz@scribd.com',10),(721,'Roset','Danica',0,'drosetk0@amazon.com',10),(722,'Keymar','Vassili',0,'vkeymark1@barnesandnoble.com',10),(723,'Klosa','Bent',2,'bklosak2@nps.gov',10),(724,'Carey','Tann',0,'tcareyk3@skype.com',10),(725,'Bleckly','Shawn',2,'sblecklyk4@vinaora.com',10),(726,'Chess','Curt',0,'cchessk5@economist.com',10),(727,'Lukash','Dar',0,'dlukashk6@slashdot.org',10),(728,'Chatin','Corty',2,'cchatink7@nbcnews.com',10),(729,'Paradyce','Chantal',0,'cparadycek8@behance.net',10),(730,'Slessar','Emeline',0,'eslessark9@zimbio.com',10),(731,'Beaby','Gerta',1,'gbeabyka@ustream.tv',10),(732,'Renne','Dulce',0,'drennekb@wordpress.org',10),(733,'Sworne','Yvonne',1,'yswornekc@jiathis.com',10),(734,'Speller','Mannie',2,'mspellerkd@barnesandnoble.com',10),(735,'Clines','Travis',5,'tclineske@bloglovin.com',10),(736,'Marty','Devonne',0,'dmartykf@woothemes.com',10),(737,'Krabbe','Roldan',0,'rkrabbekg@mozilla.org',10),(738,'Mawer','Magdaia',1,'mmawerkh@berkeley.edu',10),(739,'Cuttles','Rainer',2,'rcuttleski@themeforest.net',10),(740,'Handasyde','Nanine',0,'nhandasydekj@creativecommons.org',10),(741,'Tigner','Iormina',3,'itignerkk@mtv.com',10),(742,'Pawnsford','Giselbert',1,'gpawnsfordkl@behance.net',10),(743,'Bevans','Dougie',2,'dbevanskm@state.gov',10),(744,'Du Plantier','Charlena',2,'cduplantierkn@newsvine.com',10),(745,'Hannan','Issy',0,'ihannanko@vkontakte.ru',10),(746,'Gaishson','Orv',2,'ogaishsonkp@1und1.de',10),(747,'Thumnel','Ashlan',1,'athumnelkq@miitbeian.gov.cn',10),(748,'Cromack','Woodie',0,'wcromackkr@cpanel.net',10),(749,'de Almeida','Jennette',2,'jdealmeidaks@list-manage.com',10),(750,'Wiggin','Catriona',2,'cwigginkt@spiegel.de',10),(751,'Angell','Romain',0,'rangellku@a8.net',10),(752,'McLaughlin','Tani',1,'tmclaughlinkv@si.edu',10),(753,'Hassekl','Abbot',0,'ahasseklkw@biglobe.ne.jp',10),(754,'Pocknell','Kary',0,'kpocknellkx@gmpg.org',10),(755,'Maylin','Ainslee',0,'amaylinky@google.co.uk',10),(756,'Routhorn','Webster',3,'wrouthornkz@creativecommons.org',10),(757,'Common','Alyssa',2,'acommonl0@flavors.me',10),(758,'Dougary','Bonnee',1,'bdougaryl1@vinaora.com',10),(759,'Fancourt','Demeter',1,'dfancourtl2@economist.com',10),(760,'Heinritz','Sophi',0,'sheinritzl3@dell.com',10),(761,'Frantz','Genevra',0,'gfrantzl4@dion.ne.jp',10),(762,'Markus','Leonora',1,'lmarkusl5@cmu.edu',10),(763,'Mugford','Lodovico',2,'lmugfordl6@gizmodo.com',10),(764,'Gerin','Phyllis',0,'pgerinl7@myspace.com',10),(765,'Praten','Andreana',2,'apratenl8@newyorker.com',10),(766,'Downs','Mireille',2,'mdownsl9@joomla.org',10),(767,'Faint','Mord',0,'mfaintla@cafepress.com',10),(768,'Mates','Ruthy',0,'rmateslb@sakura.ne.jp',10),(769,'Joskowitz','Paulo',1,'pjoskowitzlc@imdb.com',10),(770,'Schulter','Vachel',0,'vschulterld@china.com.cn',10),(771,'Pfaffe','Kiele',2,'kpfaffele@google.de',10),(772,'Sheffield','Mozelle',1,'msheffieldlf@sakura.ne.jp',10),(773,'Friel','Shaylynn',0,'sfriellg@webs.com',10),(774,'Lorenzetti','Teri',3,'tlorenzettilh@apple.com',10),(775,'Prujean','Karrah',0,'kprujeanli@dailymotion.com',10),(776,'Treherne','Dyann',1,'dtrehernelj@fema.gov',10),(777,'Coomber','Vaughn',0,'vcoomberlk@theatlantic.com',10),(778,'Baudrey','Rainer',1,'rbaudreyll@lycos.com',10),(779,'Edinburgh','Sharlene',0,'sedinburghlm@ycombinator.com',10),(780,'Mc Ilory','Eleen',0,'emciloryln@purevolume.com',10),(781,'Morteo','Teri',0,'tmorteolo@typepad.com',10),(782,'Swalough','Kacy',0,'kswaloughlp@sogou.com',10),(783,'Pantry','Rodd',0,'rpantrylq@ft.com',10),(784,'Jenno','Uta',1,'ujennolr@ucla.edu',10),(785,'Bethell','Rickie',1,'rbethellls@hc360.com',10),(786,'McNish','Osbert',0,'omcnishlt@wiley.com',10),(787,'Hartmann','Fifine',0,'fhartmannlu@irs.gov',10),(788,'Vaune','Jolee',1,'jvaunelv@eventbrite.com',10),(789,'Romand','Sayres',1,'sromandlw@ft.com',10),(790,'Iskow','Galven',0,'giskowlx@google.nl',10),(791,'Scopham','Clarey',0,'cscophamly@addthis.com',10),(792,'Bauchop','Colan',2,'cbauchoplz@mayoclinic.com',10),(793,'Drewson','Natka',0,'ndrewsonm0@seesaa.net',10),(794,'Canlin','Lenna',1,'lcanlinm1@biglobe.ne.jp',10),(795,'Vel','Manfred',1,'mvelm2@multiply.com',10),(796,'Eastbrook','Garrett',1,'geastbrookm3@linkedin.com',10),(797,'Dami','Hendrika',1,'hdamim4@issuu.com',10),(798,'Thexton','Courtney',2,'cthextonm5@paypal.com',10),(799,'Ifill','Shannon',2,'sifillm6@ocn.ne.jp',10),(800,'Busfield','Tan',0,'tbusfieldm7@netvibes.com',10),(801,'Winham','Elly',1,'ewinhamm8@drupal.org',10),(802,'Jupp','Salli',2,'sjuppm9@sphinn.com',10),(803,'Warsap','Melanie',0,'mwarsapma@bloglines.com',10),(804,'Harcus','Corissa',1,'charcusmb@berkeley.edu',10),(805,'de Villier','Batholomew',0,'bdevilliermc@shop-pro.jp',10),(806,'Littledike','Joyann',0,'jlittledikemd@comcast.net',10),(807,'Walhedd','Conrade',2,'cwalheddme@google.pl',10),(808,'Cod','Shawn',0,'scodmf@ning.com',10),(809,'Crawforth','Shay',1,'scrawforthmg@ameblo.jp',10),(810,'Boldock','Antonetta',0,'aboldockmh@jiathis.com',10),(811,'Cansdall','Thatch',0,'tcansdallmi@wiley.com',10),(812,'Lecordier','Hildy',1,'hlecordiermj@cnet.com',10),(813,'Prestige','Giselbert',0,'gprestigemk@msu.edu',10),(814,'Rispen','Rosemonde',0,'rrispenml@liveinternet.ru',10),(815,'Fredy','Roarke',0,'rfredymm@youku.com',10),(816,'Brannigan','Mead',1,'mbranniganmn@bloglovin.com',10),(817,'Ambrosetti','Rayna',0,'rambrosettimo@newsvine.com',10),(818,'McRinn','Bevvy',0,'bmcrinnmp@dot.gov',10),(819,'Dermot','Callida',0,'cdermotmq@stumbleupon.com',10),(820,'Haysey','Angelo',0,'ahayseymr@vkontakte.ru',10),(821,'Enright','Sholom',0,'senrightms@dmoz.org',10),(822,'Hardey','Gennie',0,'ghardeymt@chron.com',10),(823,'Bloxsom','Nessie',1,'nbloxsommu@accuweather.com',10),(824,'Coulthart','Marijo',2,'mcoulthartmv@who.int',10),(825,'Davall','Gran',1,'gdavallmw@ow.ly',10),(826,'Cornforth','Valerye',4,'vcornforthmx@exblog.jp',10),(827,'Findon','Catina',1,'cfindonmy@last.fm',10),(828,'Askey','Wilton',0,'waskeymz@unesco.org',10),(829,'Cammish','Peterus',0,'pcammishn0@microsoft.com',10),(830,'Drage','Mariana',0,'mdragen1@nationalgeographic.com',10),(831,'Ivachyov','Gabriel',0,'givachyovn2@pagesperso-orange.fr',10),(832,'Wallas','Joby',0,'jwallasn3@tamu.edu',10),(833,'Barnes','Kaylil',1,'kbarnesn4@umn.edu',10),(834,'Zahor','Charmaine',0,'czahorn5@patch.com',10),(835,'Rivilis','Hildy',1,'hrivilisn6@spotify.com',10),(836,'Walas','Madalena',0,'mwalasn7@nih.gov',10),(837,'Liverock','Whitaker',2,'wliverockn8@ebay.com',10),(838,'McClaughlin','Gabi',0,'gmcclaughlinn9@g.co',10),(839,'Mault','Sterling',0,'smaultna@cnet.com',10),(840,'Floyed','Timi',0,'tfloyednb@exblog.jp',10),(841,'Belcham','Ad',0,'abelchamnc@senate.gov',10),(842,'Theobald','Roseanne',1,'rtheobaldnd@devhub.com',10),(843,'Grix','Emelita',1,'egrixne@wikia.com',10),(844,'Quillinane','Tamas',0,'tquillinanenf@time.com',10),(845,'Hellwich','Valle',0,'vhellwichng@1und1.de',10),(846,'Pineaux','Rodina',0,'rpineauxnh@soundcloud.com',10),(847,'Andor','Josselyn',0,'jandorni@arstechnica.com',10),(848,'Shanks','Orren',0,'oshanksnj@dailymail.co.uk',10),(849,'Gaddas','Wylma',0,'wgaddasnk@yolasite.com',10),(850,'McGeachey','Daren',2,'dmcgeacheynl@marriott.com',10),(851,'Leele','Seka',0,'sleelenm@google.com',10),(852,'Stacy','Aristotle',0,'astacynn@yale.edu',10),(853,'Whitcomb','Myrtia',1,'mwhitcombno@washingtonpost.com',10),(854,'Havill','Moira',0,'mhavillnp@columbia.edu',10),(855,'Bonson','Carr',0,'cbonsonnq@alibaba.com',10),(856,'Limpricht','Dominick',0,'dlimprichtnr@naver.com',10),(857,'Joint','Evangelin',0,'ejointns@google.pl',10),(858,'Easun','Der',1,'deasunnt@ox.ac.uk',10),(859,'Garnsworthy','Tammi',1,'tgarnsworthynu@va.gov',10),(860,'Balharry','Avery',1,'abalharrynv@facebook.com',10),(861,'Durrad','Helga',0,'hdurradnw@youtube.com',10),(862,'Wims','Karin',1,'kwimsnx@jalbum.net',10),(863,'Kingshott','Sonnie',1,'skingshottny@washingtonpost.com',10),(864,'Rosario','Forrest',0,'frosarionz@prnewswire.com',10),(865,'MacArthur','Lay',2,'lmacarthuro0@is.gd',10),(866,'Fraulo','Ody',0,'ofrauloo1@amazon.co.uk',10),(867,'Robard','Rosalyn',2,'rrobardo2@quantcast.com',10),(868,'Pedley','Maiga',1,'mpedleyo3@independent.co.uk',10),(869,'Korf','Irwinn',2,'ikorfo4@paypal.com',10),(870,'Morrallee','Shurwood',0,'smorralleeo5@netvibes.com',10),(871,'List','Jobye',0,'jlisto6@guardian.co.uk',10),(872,'Jeskin','Douglas',0,'djeskino7@wordpress.org',10),(873,'Fearnall','Granny',0,'gfearnallo8@newyorker.com',10),(874,'Gillies','Nikki',1,'ngillieso9@g.co',10),(875,'Pinchon','Tyrus',2,'tpinchonoa@mozilla.com',10),(876,'Danelet','Annabel',1,'adaneletob@cyberchimps.com',10),(877,'McKew','Carly',0,'cmckewoc@sina.com.cn',10),(878,'Rogister','Candie',2,'crogisterod@ftc.gov',10),(879,'Pawelczyk','Elinore',1,'epawelczykoe@yahoo.co.jp',10),(880,'Wilkennson','Vivian',1,'vwilkennsonof@xing.com',10),(881,'Picheford','Roobbie',2,'rpichefordog@dot.gov',10),(882,'Melior','Rafaelia',0,'rmelioroh@shop-pro.jp',10),(883,'Wellbeloved','Corella',2,'cwellbelovedoi@illinois.edu',10),(884,'Elie','Edmund',0,'eelieoj@tripod.com',10),(885,'Waddell','Renault',0,'rwaddellok@globo.com',10),(886,'Bigglestone','Mickie',0,'mbigglestoneol@printfriendly.com',10),(887,'Edgell','Courtney',1,'cedgellom@theatlantic.com',10),(888,'Gasson','Eirena',1,'egassonon@chron.com',10),(889,'Eul','Jacki',1,'jeuloo@hostgator.com',10),(890,'Featenby','Paola',0,'pfeatenbyop@webs.com',10),(891,'Muddicliffe','Kaleena',0,'kmuddicliffeoq@plala.or.jp',10),(892,'Vasilchikov','Alistair',1,'avasilchikovor@ca.gov',10),(893,'Bouzan','Delly',0,'dbouzanos@soundcloud.com',10),(894,'Grigsby','Rourke',1,'rgrigsbyot@google.fr',10),(895,'Charsley','Murry',0,'mcharsleyou@disqus.com',10),(896,'Mushet','Clerc',0,'cmushetov@reddit.com',10),(897,'Draaisma','Leodora',0,'ldraaismaow@slate.com',10),(898,'Haines','Morganica',0,'mhainesox@telegraph.co.uk',10),(899,'Strelitzer','Torrie',0,'tstrelitzeroy@admin.ch',10),(900,'Fincke','Fanchette',3,'ffinckeoz@virginia.edu',10),(901,'Broy','Chrysler',0,'cbroyp0@homestead.com',10),(902,'Golland','Shell',2,'sgollandp1@mlb.com',10),(903,'McBrearty','Janelle',0,'jmcbreartyp2@google.fr',10),(904,'Quipp','Rosana',2,'rquippp3@zdnet.com',10),(905,'Veysey','Martynne',0,'mveyseyp4@stumbleupon.com',10),(906,'Webling','Sonnie',1,'sweblingp5@imgur.com',10),(907,'Prophet','Gilbert',2,'gprophetp6@wired.com',10),(908,'Barrott','Marty',2,'mbarrottp7@ucoz.com',10),(909,'Apperley','Hamil',1,'happerleyp8@twitpic.com',10),(910,'Koba','Carey',0,'ckobap9@ycombinator.com',10),(911,'Ayerst','Joscelin',2,'jayerstpa@devhub.com',10),(912,'Biskupek','Sadie',0,'sbiskupekpb@intel.com',10),(913,'McGrayle','Caz',0,'cmcgraylepc@psu.edu',10),(914,'Chasle','Avis',0,'achaslepd@techcrunch.com',10),(915,'Petrello','Ninnette',0,'npetrellope@topsy.com',10),(916,'Barnewell','Mathian',2,'mbarnewellpf@g.co',10),(917,'Stathers','Burton',0,'bstatherspg@nymag.com',10),(918,'Cirlos','Napoleon',1,'ncirlosph@un.org',10),(919,'Rupprecht','Selle',0,'srupprechtpi@comcast.net',10),(920,'Gladwin','Tamera',2,'tgladwinpj@shop-pro.jp',10),(921,'Donet','Worden',2,'wdonetpk@dion.ne.jp',10),(922,'Rossey','Corabella',0,'crosseypl@google.it',10),(923,'Danbi','Francisco',1,'fdanbipm@ucoz.ru',10),(924,'Sleath','Dahlia',0,'dsleathpn@ustream.tv',10),(925,'Colquitt','Brenda',1,'bcolquittpo@guardian.co.uk',10),(926,'Jopp','Gustavo',1,'gjopppp@mail.ru',10),(927,'Kellar','Galvin',0,'gkellarpq@cnet.com',10),(928,'Bugge','Sela',0,'sbuggepr@stanford.edu',10),(929,'Leaves','Kathi',2,'kleavesps@wikia.com',10),(930,'Grigoriev','Daren',0,'dgrigorievpt@mapquest.com',10),(931,'Ruselin','Madel',0,'mruselinpu@elpais.com',10),(932,'Wilber','Fawn',1,'fwilberpv@hostgator.com',10),(933,'De Few','Meryl',1,'mdefewpw@wikimedia.org',10),(934,'Follan','Zeb',1,'zfollanpx@wordpress.org',10),(935,'Gidman','Jenda',0,'jgidmanpy@issuu.com',10),(936,'Robker','Danit',3,'drobkerpz@stanford.edu',10),(937,'Joly','Rolando',1,'rjolyq0@tuttocitta.it',10),(938,'Woolliams','Trev',2,'twoolliamsq1@umich.edu',10),(939,'Beever','Rowena',0,'rbeeverq2@geocities.jp',10),(940,'Eglin','Yolane',0,'yeglinq3@ocn.ne.jp',10),(941,'Pashan','Nancey',1,'npashanq4@storify.com',10),(942,'Warhurst','Court',0,'cwarhurstq5@imgur.com',10),(943,'Erwin','Gaylor',0,'gerwinq6@abc.net.au',10),(944,'Peltz','Arley',1,'apeltzq7@google.ca',10),(945,'Gerhardt','Esmeralda',0,'egerhardtq8@shutterfly.com',10),(946,'Frede','Raffarty',3,'rfredeq9@networksolutions.com',10),(947,'Mateuszczyk','Yule',2,'ymateuszczykqa@oakley.com',10),(948,'Woodruff','Dolley',0,'dwoodruffqb@facebook.com',10),(949,'Gyppes','Godard',0,'ggyppesqc@cdbaby.com',10),(950,'Rottgers','Joelynn',2,'jrottgersqd@paginegialle.it',10),(951,'Coucher','Elysia',0,'ecoucherqe@wikia.com',10),(952,'Arnal','Chelsie',1,'carnalqf@tamu.edu',10),(953,'Renshaw','Valeda',0,'vrenshawqg@howstuffworks.com',10),(954,'Willmett','Gwen',0,'gwillmettqh@rakuten.co.jp',10),(955,'Leebeter','Ketti',0,'kleebeterqi@slate.com',10),(956,'McKibben','Amabelle',2,'amckibbenqj@tripadvisor.com',10),(957,'Joplin','Elna',2,'ejoplinqk@cafepress.com',10),(958,'Robiot','Zacherie',0,'zrobiotql@stanford.edu',10),(959,'Brim','Darnell',0,'dbrimqm@blogtalkradio.com',10),(960,'Broadway','Norma',2,'nbroadwayqn@samsung.com',10),(961,'Grichukhin','Masha',0,'mgrichukhinqo@facebook.com',10),(962,'McHardy','Gregory',1,'gmchardyqp@apple.com',10),(963,'Jeannesson','Yoshiko',2,'yjeannessonqq@squarespace.com',10),(964,'Boarleyson','Glynda',0,'gboarleysonqr@google.ca',10),(965,'Perrins','Carmina',0,'cperrinsqs@cisco.com',10),(966,'Edes','Joline',0,'jedesqt@guardian.co.uk',10),(967,'Adrianello','Ephraim',2,'eadrianelloqu@state.tx.us',10),(968,'Collidge','Cobb',0,'ccollidgeqv@nhs.uk',10),(969,'Atyeo','Fawn',0,'fatyeoqw@ihg.com',10),(970,'Bonafacino','Hyacinth',0,'hbonafacinoqx@washington.edu',10),(971,'Gotling','Levin',0,'lgotlingqy@arstechnica.com',10),(972,'Rawlison','Bradley',3,'brawlisonqz@unc.edu',10),(973,'Allcock','Gabriela',1,'gallcockr0@example.com',10),(974,'Trubshawe','Queenie',2,'qtrubshawer1@sourceforge.net',10),(975,'Mullin','Rhiamon',2,'rmullinr2@shinystat.com',10),(976,'Carss','Natividad',1,'ncarssr3@mysql.com',10),(977,'Dower','Colas',1,'cdowerr4@hibu.com',10),(978,'Millard','Elbertine',0,'emillardr5@live.com',10),(979,'Pelling','Wang',0,'wpellingr6@weibo.com',10),(980,'Bolderson','Chauncey',0,'cboldersonr7@twitpic.com',10),(981,'Danilenko','Rayner',0,'rdanilenkor8@barnesandnoble.com',10),(982,'Gladbeck','Gabe',1,'ggladbeckr9@psu.edu',10),(983,'Yorath','Rivy',1,'ryorathra@sciencedaily.com',10),(984,'Andreichik','Nelia',2,'nandreichikrb@unesco.org',10),(985,'MacCaughey','Bird',0,'bmaccaugheyrc@liveinternet.ru',10),(986,'Treuge','Pammie',1,'ptreugerd@theglobeandmail.com',10),(987,'Ede','Rivi',1,'redere@go.com',10),(988,'Redit','Catlee',0,'creditrf@icq.com',10),(989,'Trengrove','Mag',1,'mtrengroverg@lycos.com',10),(990,'Feron','Kate',1,'kferonrh@miibeian.gov.cn',10),(991,'Chadbourne','Leonid',0,'lchadbourneri@washingtonpost.com',10),(992,'Barlas','Hughie',1,'hbarlasrj@google.ca',10),(993,'Andrelli','Maris',1,'mandrellirk@nymag.com',10),(994,'Alejandri','Margo',0,'malejandrirl@japanpost.jp',10),(995,'Kale','Sunshine',0,'skalerm@unblog.fr',10),(996,'Maber','Davine',2,'dmaberrn@dagondesign.com',10),(997,'Exelby','Duffie',0,'dexelbyro@globo.com',10),(998,'Jonuzi','Conant',1,'cjonuzirp@nytimes.com',10),(999,'Pennycock','Jeddy',1,'jpennycockrq@google.de',10),(1000,'Schott','Vasily',2,'vschottrr@discuz.net',10),(1001,'Admin','Admin',0,'admin@example-library.com',10);
/*!40000 ALTER TABLE `account` ENABLE KEYS */;
UNLOCK TABLES;

--
-- Table structure for table `author`
--

DROP TABLE IF EXISTS `author`;
/*!40101 SET @saved_cs_client     = @@character_set_client */;
/*!40101 SET character_set_client = utf8 */;
CREATE TABLE `author` (
  `id` int(11) NOT NULL AUTO_INCREMENT,
  `fullname` varchar(120) NOT NULL,
  PRIMARY KEY (`id`),
  KEY `fullname` (`fullname`)
) ENGINE=InnoDB AUTO_INCREMENT=1001 DEFAULT CHARSET=latin1;
/*!40101 SET character_set_client = @saved_cs_client */;

--
-- Dumping data for table `author`
--

LOCK TABLES `author` WRITE;
/*!40000 ALTER TABLE `author` DISABLE KEYS */;
INSERT INTO `author` VALUES (39,'Abbot Tompsett'),(301,'Abdel Dixson'),(742,'Abeu Wallentin'),(240,'Abie Janca'),(463,'Adara Blore'),(258,'Addy Bissatt'),(763,'Adelheid Zapater'),(85,'Adeline Hauger'),(419,'Adeline Wythill'),(555,'Adelle Clemente'),(498,'Adena Clutterbuck'),(80,'Adena Guntrip'),(611,'Adolphus Josefowicz'),(958,'Adrianne Treadgear'),(145,'Adrienne Savell'),(860,'Aggie Camplin'),(615,'Aguie Sheed'),(723,'Aidan Dregan'),(421,'Aila Rubra'),(667,'Alair Blown'),(967,'Alameda Pagon'),(878,'Aland Blemings'),(21,'Alasdair Kierans'),(249,'Alaster Featherstone'),(380,'Aleda Benninger'),(750,'Alexander Flori'),(162,'Alexis Pentony'),(365,'Alfredo Matuszynski'),(565,'Alicea Jentet'),(798,'Alister Pilcher'),(621,'Alisun Slaney'),(79,'Alon Pauel'),(713,'Alphonso Aasaf'),(872,'Amabelle Esmead'),(730,'Anabelle Couling'),(388,'Anabelle Mumby'),(398,'Anatola Diche'),(684,'Ange Cockland'),(884,'Angel Ericsson'),(769,'Angelique Emmatt'),(567,'Angelique Hallmark'),(64,'Angelle Duinkerk'),(856,'Angus Ertel'),(334,'Anna-maria Beedom'),(922,'Annaliese Tuftin'),(799,'Anne Crown'),(691,'Anne-corinne Breckwell'),(351,'Annemarie Willshaw'),(435,'Anton Leidl'),(158,'Antonia Borrell'),(143,'Antonia Plows'),(578,'Antonius Ferrara'),(431,'Any O\' Timony'),(661,'Archie Stringer'),(414,'Ardis Touzey'),(995,'Ardith Blackham'),(693,'Ardyce Peckham'),(316,'Ariana Schimke'),(459,'Ario Hulks'),(930,'Arlene Feldstein'),(159,'Arlina Iskov'),(182,'Arluene Filan'),(690,'Armand Isworth'),(470,'Arri Couvert'),(134,'Arv Minchinton'),(275,'Arvin Castleman'),(638,'Ashbey Butfield'),(685,'Ashlee Righy'),(254,'Ashlin Petroff'),(464,'Aubrey Iacomo'),(278,'Audrie Smalley'),(600,'Aurea Legate'),(115,'Aurora Danilowicz'),(480,'Austin Stewart'),(612,'Aveline McGuire'),(371,'Averill Cucinotta'),(935,'Avigdor Hardingham'),(500,'Aviva Mayhou'),(184,'Aymer Greenham'),(315,'Babara Maplethorpe'),(225,'Babbie Sholl'),(809,'Babette Sleeford'),(837,'Barbabas Birchall'),(411,'Barbra Dedmam'),(729,'Bard Carlon'),(580,'Barry Varran'),(904,'Bartholomew Eberlein'),(268,'Bartie Wheildon'),(84,'Basil Calles'),(43,'Batholomew Mallam'),(649,'Bathsheba Chaves'),(238,'Bea Pauling'),(502,'Beau Lilleyman'),(895,'Belinda Paulat'),(547,'Benji Walework'),(631,'Bennie Couldwell'),(991,'Berenice Rabbatts'),(627,'Berkly Pahler'),(304,'Bernadene Nare'),(646,'Bernadina Rogge'),(28,'Bernardo Noni'),(306,'Berni Bolf'),(379,'Bernice Burnsides'),(226,'Bernie Chifney'),(697,'Berri Plastow'),(581,'Bertie Gwynne'),(710,'Berty Dooley'),(505,'Bethena Mattis'),(449,'Bibbie Millery'),(826,'Bil Phorsby'),(542,'Billi Coghlan'),(38,'Bing Yarrell'),(292,'Binni Dixey'),(901,'Binnie Bartosch'),(352,'Birgit Ensten'),(452,'Birgit Ricardot'),(26,'Blair Rosenblad'),(324,'Blake Kaubisch'),(753,'Blinnie Lawler'),(855,'Bobby Pidon'),(436,'Bobbye Chastaing'),(551,'Bondie Tomsa'),(230,'Boony Reside'),(810,'Boris Spellesy'),(113,'Brandea Grog'),(683,'Brandyn Emlin'),(453,'Brianne Alastair'),(487,'Brittan Crowne'),(970,'Bruno Mufford'),(886,'Bryn Blincko'),(118,'Bryn Carter'),(634,'Bryon Winsom'),(868,'Bunni Turnbull'),(457,'Burk Elfleet'),(776,'Burlie Capun'),(540,'Byrom Fisby'),(903,'Byrom Greenard'),(97,'Callida Henningham'),(870,'Calv Klejin'),(557,'Candie Metzing'),(528,'Candra Corp'),(274,'Carey Eversley'),(617,'Cari Shama'),(546,'Caril Eassom'),(538,'Carmelina Gateley'),(588,'Carmina Ciotti'),(660,'Carolynn Gibke'),(417,'Carrie Berkowitz'),(841,'Carter Kave'),(425,'Caryl Banker'),(298,'Caryl Chevin'),(642,'Caryl Crummy'),(701,'Cassius Montacute'),(311,'Cassy Ethelstone'),(288,'Catherina Davio'),(358,'Cathrin Longstaffe'),(337,'Cecil Jedryka'),(183,'Cecily Bly'),(975,'Celene Rubinshtein'),(737,'Celisse Franklen'),(541,'Cello O\'Lunney'),(59,'Cesaro O\'Hogertie'),(978,'Chan Meece'),(598,'Charin Gurner'),(657,'Charleen Hugnet'),(807,'Charles Pimblett'),(404,'Chelsae Clutten'),(820,'Chelsea Cosely'),(788,'Cherianne Keatley'),(410,'Chery Tolliday'),(347,'Ches Lempke'),(366,'Ches Yarr'),(354,'Chloris Warlawe'),(785,'Christabel Caseborne'),(768,'Christalle Bridden'),(259,'Christoper Pennigar'),(333,'Christoph Kaysor'),(504,'Christy Heifer'),(648,'Christyna Sandom'),(607,'Cindie Andriveaux'),(835,'Cirillo Lyptrit'),(105,'Clair McIlwreath'),(195,'Clarette Lewin'),(167,'Clarine Quincey'),(75,'Clarisse Edmonson'),(348,'Claudell Debney'),(336,'Clayborne Fenne'),(662,'Claybourne Deaville'),(430,'Clemmie Haistwell'),(207,'Clemmy Taunton.'),(755,'Cloris O\'Dunniom'),(234,'Clyde Karslake'),(658,'Cobb Paradyce'),(971,'Cobby Risborough'),(478,'Codie Cleugher'),(524,'Colby Mabb'),(772,'Connie Carslake'),(376,'Cordula Shipston'),(131,'Cori Hourahan'),(825,'Cornelius Forsbey'),(759,'Cornie Andretti'),(367,'Corny Potten'),(584,'Corrina Riby'),(392,'Corrine Sellor'),(276,'Cosetta Adran'),(653,'Cosimo Stockport'),(54,'Cosme Capponer'),(843,'Courtnay Berrigan'),(654,'Crin Salla'),(40,'Crista Paffley'),(770,'Cristiano Pally'),(20,'Cullan Phlippi'),(939,'Cullie Bedwell'),(583,'Cully Paunton'),(899,'Curcio Child'),(802,'Curcio Dahl'),(714,'Cyndie Ilymanov'),(374,'Dahlia Vondra'),(215,'Daisi Arnall'),(300,'Daisi Seligson'),(984,'Dallas Roscamp'),(520,'Dalli Roddick'),(920,'Damien Baynes'),(353,'Dana Balasini'),(636,'Dani Salleir'),(69,'Danice Trusler'),(590,'Danie Bonas'),(968,'Danie Calderhead'),(280,'Daniella Templman'),(409,'Danielle Franzel'),(310,'Darcee Eldridge'),(786,'Darcy Plante'),(998,'Darin Tschierse'),(859,'Darlleen Legan'),(791,'Darlleen Mager'),(30,'Darsey Addison'),(938,'Daveta Husher'),(570,'Daveta Mattioli'),(178,'Deana Britto'),(14,'Debera Pagelsen'),(842,'Delaney Deluca'),(338,'Delaney Voase'),(812,'Delmore Helliar'),(608,'Delora Payle'),(867,'Demetrius Jados'),(186,'Derwin Summerbell'),(303,'Devondra Venner'),(314,'Dewitt Jost'),(76,'Diarmid Birkmyre'),(633,'Dicky Graben'),(11,'Dill De Giorgio'),(865,'Dniren Antonoczyk'),(488,'Dode Sexcey'),(775,'Dody Cahalan'),(172,'Dolorita Osborn'),(107,'Domini Matthews'),(201,'Dominique Emlen'),(129,'Dominique Rutter'),(146,'Donal Camillo'),(758,'Donna Yockley'),(24,'Donnajean Durrell'),(359,'Doria Garoghan'),(743,'Dorolisa Whitecross'),(909,'Doroteya Housen'),(239,'Dorree Harms'),(372,'Dorri Kleis'),(921,'Dorthy Stallworthy'),(285,'Dory Mossdale'),(273,'Doyle Kew'),(196,'Doyle Kneel'),(261,'Dre Maldin'),(469,'Dreddy Borrow'),(63,'Drona Coutthart'),(898,'Drucy Gosnold'),(474,'Drusie Nelsey'),(397,'Dulcinea Frazier'),(529,'Durward Vasyunkin'),(712,'Dwight Clyburn'),(808,'Dynah Yosevitz'),(437,'Eden Hartright'),(910,'Eduardo Themann'),(937,'Egon Osselton'),(233,'Eilis Niven'),(955,'Eldin Meadowcraft'),(543,'Eleanor Linning'),(139,'Eleanora MacCrossan'),(144,'Eleonore Abel'),(307,'Elianora Wisher'),(248,'Elladine Gonnelly'),(665,'Ellen Krolle'),(212,'Ellswerth Baise'),(619,'Elnora Raymond'),(299,'Elsi Liddiatt'),(174,'Elsie Callaghan'),(604,'Elyse Marie'),(370,'Elyssa Waker'),(787,'Emelia Cashmore'),(252,'Emelita Canadas'),(163,'Emily Mellenby'),(211,'Emmalynn Leyborne'),(632,'Emmanuel Schrinel'),(624,'Emmery Caton'),(270,'Emmi Charity'),(192,'Emmie Berthouloume'),(422,'Emmy Brunnstein'),(401,'Engracia Turbill'),(722,'Enriqueta Pahler'),(149,'Ephrayim Convery'),(892,'Erica Stratz'),(928,'Erika Niles'),(525,'Erinna Greener'),(466,'Erma Brunskill'),(882,'Ermina Merrick'),(175,'Erminie Akker'),(406,'Erminie Nurcombe'),(128,'Ernie Wing'),(501,'Eryn Noakes'),(746,'Essa Gregorio'),(171,'Ethelred Knoton'),(780,'Ethyl Braunton'),(378,'Ethyl Hamper'),(77,'Ettore Roth'),(152,'Ev Garrard'),(16,'Ev Halse'),(866,'Evaleen Sagar'),(806,'Evelin Tomashov'),(154,'Evelyn Vasyanin'),(110,'Even Scrinage'),(1,'Evered Bartoszek'),(885,'Evvie Maureen'),(961,'Evvie Mogey'),(916,'Ezri Whitaker'),(187,'Fabian Dunbavin'),(793,'Fabian Nipper'),(875,'Fabiano Baudichon'),(827,'Fanchette Melia'),(156,'Far Baty'),(527,'Farand Grossman'),(614,'Farrah Deackes'),(946,'Federica Tarbet'),(390,'Felice Fishburn'),(732,'Feliks Ryott'),(908,'Fenelia Eames'),(748,'Ferdinande Corderoy'),(537,'Fernandina Curragh'),(495,'Ferne Blencoe'),(302,'Fidelio Schlag'),(220,'Field Snape'),(983,'Fifine Alp'),(707,'Filide Nathon'),(66,'Fitzgerald Kochl'),(279,'Flora O\'Mannion'),(9,'Flynn Peacham'),(395,'Fonz Rosenfelt'),(492,'Forester Todaro'),(446,'Forrest Stigers'),(412,'Forrester Whitehall'),(953,'Fran Antic'),(361,'Franciskus Duiged'),(382,'Franciskus Maleby'),(305,'Frank Pinxton'),(645,'Frannie MacKeever'),(777,'Frants Glyne'),(185,'Freda Patton'),(269,'Frederick Sarl'),(974,'Frederigo Hewell'),(862,'Frederique Belchem'),(19,'Gabbey Kingsbury'),(55,'Gabbie Ughelli'),(834,'Gael Fenn'),(836,'Garrot Lidster'),(840,'Garry Emlyn'),(676,'Gasper Fotherby'),(816,'Gav Tasker'),(863,'Gaylene Stickens'),(751,'Gaylene Whitnell'),(740,'Gayler Knatt'),(925,'Genna Raddan'),(560,'Georg Neward'),(640,'Georgetta Saffill'),(416,'Gerardo Folca'),(948,'Giacomo Reboul'),(702,'Giana Arno'),(659,'Giff Shank'),(605,'Gil Dominichelli'),(792,'Gill Impy'),(869,'Gillan Simms'),(232,'Gilligan Pareman'),(202,'Giulia Bowdery'),(49,'Gleda Handling'),(493,'Godfry Snuggs'),(952,'Godiva Bikker'),(927,'Gonzalo Edwardes'),(36,'Grace Nutt'),(251,'Graig Sturges'),(257,'Gretal Giacovelli'),(552,'Grethel Hadwin'),(972,'Gretna Rey'),(486,'Griff Willcott'),(231,'Griswold Cranage'),(917,'Griz Ruggiero'),(286,'Grover Grossier'),(738,'Guillaume Watkiss'),(48,'Gustavo Lindenbaum'),(893,'Gwendolen McNeigh'),(932,'Gwennie Dominey'),(407,'Gwenora Lote'),(442,'Ham Gilhouley'),(114,'Hana Benitez'),(243,'Hannah Sloane'),(761,'Harland Niccols'),(405,'Hayden Kmietsch'),(477,'Hayyim Milmore'),(845,'Helsa Borton'),(189,'Herb Probate'),(680,'Hermann Cousins'),(312,'Herrick Pau'),(796,'Hilarius Farge'),(60,'Hilliary Eggins'),(42,'Hillyer Steiner'),(516,'Hobart Perview'),(296,'Hobey Castiglio'),(1000,'Hodge Tanser'),(635,'Holden Welldrake'),(628,'Hulda Musker'),(57,'Hunt Shrieves'),(22,'Huntlee Parrett'),(368,'Hyacintha Flores'),(396,'Ileane De-Ville'),(399,'Ilse Witherden'),(564,'Ilyssa Rother'),(242,'Imogen Poland'),(253,'Irena Burnet'),(577,'Iseabal Petricek'),(34,'Isidora Sambells'),(629,'Ivonne Cushion'),(857,'Izaak Lessmare'),(61,'Izabel Goddman'),(942,'Jacques Riolfi'),(119,'Jacqui Symcoxe'),(133,'Jae Sherwyn'),(603,'Jaimie Dunk'),(403,'Jakie Eckersley'),(434,'Jamaal Corrin'),(441,'Jamesy Gash'),(879,'Jammal Grahl'),(734,'Jana Stait'),(246,'Janek Pigeon'),(519,'Janel Aves'),(177,'Janene Kilbee'),(445,'Janetta Rubinov'),(330,'Jaquith Payfoot'),(985,'Jarrad Kither'),(877,'Jarrett Everard'),(852,'Jarvis Goodson'),(783,'Jeanne Daughtry'),(515,'Jeffry Larwell'),(673,'Jeffry Leslie'),(101,'Jehanna Drust'),(674,'Jelene Greenley'),(977,'Jen Posthill'),(89,'Jenica Molson'),(250,'Jennee Cobbledick'),(328,'Jeremias Baden'),(490,'Jeromy Alexis'),(329,'Jerrine Mercik'),(915,'Jesse Tarn'),(828,'Jessey Dragoe'),(778,'Jessey Salvage'),(616,'Jillane Bubear'),(102,'Jilleen Treadger'),(121,'Joby Tapenden'),(318,'Jobye Brigham'),(362,'Jobye Crassweller'),(384,'Joellen Stovell'),(489,'Johannes Rushforth'),(204,'Johnny Yurin'),(364,'Jordon Ormerod'),(571,'Josepha Stainton - Skinn'),(945,'Josh Veighey'),(214,'Joyan Offener'),(322,'Judd Seabrocke'),(130,'Judie Lyness'),(31,'Julia Rosen'),(703,'Juliana Maingot'),(999,'Juliet Mordan'),(572,'Kahaleel Tschersich'),(111,'Kale Adshed'),(962,'Kaleb Beseke'),(829,'Kalle Gossart'),(109,'Kamilah August'),(847,'Kandy Petrovsky'),(325,'Kareem Layton'),(986,'Karim Dewi'),(148,'Karlyn Jaouen'),(227,'Karlyn Sillwood'),(832,'Karney Rotherforth'),(91,'Karol Greenhouse'),(698,'Karolina Elcomb'),(491,'Karrah Kira'),(218,'Karrie Western'),(136,'Karyl Varian'),(655,'Kasper Daintith'),(980,'Kassey Bowart'),(789,'Kate Zorn'),(871,'Katharina Harbour'),(944,'Kathryne Holehouse'),(3,'Katina Tinsey'),(817,'Kaye Castaneda'),(456,'Kean O\'Moylane'),(176,'Kearney Sellstrom'),(591,'Keefe Oldacres'),(902,'Keene Stollsteimer'),(874,'Keith Dobey'),(132,'Kelila Edgcumbe'),(771,'Kelli Igonet'),(165,'Kellie Kearford'),(735,'Kelly Hilldrop'),(988,'Kellyann Faudrie'),(951,'Kelsey Sawden'),(10,'Kelvin Cornell'),(700,'Kendricks Orring'),(188,'Kenna McCree'),(169,'Kenton Caine'),(894,'Keriann Roostan'),(209,'Kessiah Whatham'),(586,'Kettie Nobes'),(804,'Khalil Nial'),(965,'Kial Biddulph'),(626,'Kim Overstreet'),(465,'Kimbell Byrd'),(339,'Kippie Ezzell'),(907,'Kippie Getten'),(150,'Kippie Sherland'),(535,'Kirby Peck'),(650,'Kirk Stogill'),(757,'Konstance De Nisco'),(824,'Krissy Mallya'),(451,'Kristoforo Anespie'),(260,'Krystal Fernez'),(210,'Kylen Chillcot'),(455,'Kylynn Curedale'),(321,'Ladonna Brigdale'),(153,'Lancelot Chapelhow'),(46,'Lara Wadesworth'),(428,'Laurel Meckiff'),(589,'Lavinia Eisikowitch'),(206,'Law Aviss'),(340,'Lawrence Mellon'),(672,'Lawton Segoe'),(29,'Leanora Oldam'),(86,'Lee Brumen'),(179,'Leelah Darlaston'),(160,'Leena Gobat'),(117,'Leesa Munns'),(438,'Leese Dinkin'),(964,'Leigh Domonkos'),(164,'Leilah Halsted'),(484,'Lemar Leare'),(708,'Lenee Hessle'),(959,'Lesly Axelbey'),(402,'Lev Gohn'),(473,'Lev Kale'),(663,'Levey Andrioni'),(13,'Lexi Campey'),(536,'Lianne Payn'),(509,'Lilllie List'),(947,'Lily Bachman'),(585,'Lin Whittek'),(74,'Lindsay Basek'),(531,'Linet Glenton'),(33,'Linzy Doddemeede'),(593,'Lion Gumme'),(140,'Lionel Gligori'),(413,'Lita Beine'),(931,'Liv Pinkard'),(530,'Locke Shutt'),(940,'Lockwood Mehaffey'),(881,'Lola Tunnacliffe'),(811,'Lolita Eslemont'),(556,'Loraine Banck'),(754,'Lorant Rubenczyk'),(669,'Lorianne Grigor'),(221,'Lorne Galland'),(194,'Lorraine Ineson'),(385,'Lothario Hachette'),(814,'Lottie Vearncombe'),(203,'Lotty Accombe'),(58,'Lotty Hedgecock'),(880,'Loutitia Kettel'),(423,'Loydie Biaggelli'),(914,'Lucia Maypother'),(539,'Lucila Clinning'),(781,'Lucila Godding'),(514,'Ludovika Nell'),(120,'Lula Cowdroy'),(639,'Lydia Hounsham'),(595,'Lyndsey Abramin'),(106,'Lyndsey Glanders'),(282,'Lynne Dirkin'),(23,'Mace Dennehy'),(331,'Mackenzie Gawen'),(190,'Madelyn Fost'),(200,'Madge Labram'),(87,'Mag Dauby'),(891,'Mag Jereatt'),(644,'Mahala Hinnerk'),(51,'Malanie Stenbridge'),(72,'Malchy Dowdeswell'),(569,'Malorie Raith'),(53,'Mamie Whybrow'),(518,'Mandi Duggleby'),(926,'Mandie Blockley'),(873,'Mannie Jeeks'),(427,'Marcellina Stare'),(56,'Marcile Guirard'),(752,'Maressa Swinburne'),(443,'Margaretta Vercruysse'),(675,'Margeaux De Caroli'),(709,'Margret Farfoot'),(472,'Maria Sang'),(151,'Marice Verheijden'),(720,'Maridel Cockshott'),(760,'Maridel Dellit'),(849,'Maris Matten'),(853,'Marius Espy'),(228,'Marja Rosenkranc'),(969,'Marlow Ledur'),(476,'Marlowe Masterman'),(906,'Marten Scoles'),(222,'Maryellen Chorley'),(905,'Marylynne Thom'),(27,'Masha Belin'),(5,'Matelda Thireau'),(956,'Mateo Chadd'),(801,'Matilda Yantsev'),(394,'Matilde Skate'),(976,'Matti Caukill'),(68,'Mattias Rameau'),(774,'Maura Killingbeck'),(287,'Maurine Red'),(216,'Maurise Attwill'),(281,'Maurizia Keightley'),(727,'Maybelle Ivic'),(224,'Maynard Mont'),(815,'Meara Padwick'),(219,'Meg Piggins'),(610,'Melanie Skip'),(579,'Melitta McKeighan'),(861,'Melvin Witton'),(647,'Menard Colvin'),(717,'Merle Peile'),(25,'Merlina Capoun'),(561,'Meryl O\'Boyle'),(949,'Meyer Newham'),(499,'Mic Drakes'),(554,'Micah Woodfield'),(135,'Michael Lightowler'),(93,'Michaeline Faers'),(454,'Micheal Sculpher'),(864,'Michel Wilkison'),(35,'Mickie Sumsion'),(88,'Mikael Nockells'),(800,'Milicent Garlant'),(966,'Minda Meach'),(795,'Minta Morrissey'),(989,'Miranda Castellucci'),(50,'Mireille Odell'),(686,'Missie Rottcher'),(689,'Modestine Benham'),(582,'Moira Latus'),(116,'Montague Mease'),(386,'Morena Iacovozzo'),(124,'Morgun Pover'),(265,'Mortimer Garmans'),(666,'Mortimer Veitch'),(264,'Moselle Winyard'),(18,'Moss Costigan'),(724,'Moyra De Morena'),(718,'Muffin Humfrey'),(95,'Murielle Child'),(762,'Murvyn Davidowich'),(426,'Mychal Hitzke'),(256,'Myranda Gorges'),(462,'Myranda Wason'),(784,'Nance Coldwell'),(618,'Nancee Richemont'),(670,'Nanine Ashpole'),(78,'Nannette Calderonello'),(293,'Napoleon Hazeman'),(363,'Natale Bowcock'),(247,'Natalie Merrell'),(818,'Natalya Lappin'),(911,'Natalya Measham'),(522,'Nataniel Hembry'),(467,'Neal Tarplee'),(229,'Nelia Simic'),(444,'Nelie Thyer'),(641,'Nertie Outridge'),(813,'Nessa Simmank'),(512,'Neville Boman'),(678,'Nichole Maevela'),(122,'Nicki Drabble'),(497,'Nickie Orman'),(2,'Nickolai Mamwell'),(73,'Nickolas Axon'),(510,'Nicky Gimson'),(263,'Nicky Stracey'),(297,'Nicola Furmedge'),(553,'Nicola Halvosen'),(62,'Nicolas Squibe'),(517,'Nicoli Pharro'),(706,'Niels Jahncke'),(92,'Nikkie Ahrenius'),(343,'Nil MacMakin'),(933,'Nils Martill'),(625,'Nilson Manby'),(482,'Nina Adamowitz'),(346,'Noami Brodley'),(745,'Nollie Ludee'),(147,'Nonah Gawthorpe'),(671,'Nora Treagus'),(208,'Norene Aleksic'),(715,'Oberon Beardow'),(83,'Oby Proudley'),(168,'Odelia Coslett'),(993,'Odille Broadhead'),(613,'Olav Thorley'),(643,'Olive Skirling'),(241,'Olivero Kording'),(733,'Olivia Buckston'),(739,'Oliy Brownsea'),(694,'Olly Briffett'),(747,'Olly Yukhov'),(918,'Omar Malenfant'),(575,'Ophelie Dolling'),(696,'Oralee Jozefczak'),(308,'Oren Brotherheed'),(623,'Oriana Suter'),(622,'Osbourn Badrick'),(461,'Osbourne Diboll'),(127,'Oswald Knellen'),(479,'Oswald Steger'),(166,'Oswell Derricoat'),(668,'Otha Clutton'),(391,'Othilia Boriston'),(756,'Pablo Regglar'),(963,'Packston Monelli'),(355,'Paco Akister'),(858,'Pamella Burkart'),(950,'Paton Ivanusyev'),(897,'Patrizio O\'Giany'),(736,'Pattin Neylon'),(721,'Patty Pretsell'),(344,'Paulina Rudham'),(342,'Pauline Exell'),(138,'Pauly Castaignet'),(277,'Pauly Howitt'),(677,'Peadar Vanichkov'),(563,'Pearline Blanch'),(587,'Pen Jephcott'),(155,'Penny Klaff'),(900,'Penrod Balducci'),(468,'Pepillo Dutt'),(726,'Peri Cattellion'),(377,'Perry Croutear'),(432,'Peyter Starte'),(191,'Phebe Baudacci'),(766,'Phillipp Nealon'),(960,'Philomena Coskerry'),(271,'Pier Bilovus'),(831,'Pincus Tomes'),(475,'Piper Gooderick'),(692,'Polly Chestnut'),(568,'Pren Rummin'),(851,'Prudi Laxon'),(888,'Pryce Betchley'),(602,'Pryce Lowne'),(483,'Puff Dax'),(460,'Quentin Eixenberger'),(180,'Quintin Kochel'),(335,'Raf Sharpley'),(705,'Rafe Crennan'),(44,'Raimund Spanswick'),(332,'Rakel Fattore'),(244,'Ramsay Merriman'),(82,'Rancell Robbe'),(936,'Randolf Weavill'),(429,'Randy Peaseman'),(345,'Rayner Grindrod'),(65,'Rebe Fowley'),(979,'Rebecka Perdue'),(283,'Reeba Roo'),(503,'Reidar Copp'),(725,'Reinwald Reams'),(890,'Remus Janodet'),(550,'Renado Tregona'),(4,'Renata Clayworth'),(805,'Renate Dyzart'),(41,'Rey Ladbrooke'),(523,'Reynard Duker'),(923,'Rhona Victor'),(245,'Riccardo Barnewall'),(790,'Riccardo Poveleye'),(848,'Richmound Jiricka'),(679,'Rici Bransdon'),(896,'Riki Yakubovics'),(161,'Ringo Burrage'),(823,'Roana Forrington'),(941,'Robby Stambridge'),(704,'Robinett Howe'),(448,'Robinetta Colmore'),(309,'Robinson Lawtey'),(67,'Roby Vernau'),(295,'Rochell Pulsford'),(323,'Rochella Hertwell'),(599,'Roderic Wasteney'),(217,'Rodrick Amorts'),(375,'Rog Sigart'),(17,'Rolfe Fawthorpe'),(652,'Rolph Papa'),(996,'Rose Estable'),(6,'Rosella Rohmer'),(544,'Rosemaria Tatnell'),(447,'Rosemonde Coppens'),(990,'Roxanna Bradley'),(126,'Roxanna Whyte'),(821,'Roxine Lumsdaine'),(173,'Royall Dykas'),(15,'Rudie Edlyn'),(876,'Rudie Pilch'),(506,'Rurik Dignon'),(695,'Rutherford Joliffe'),(350,'Rutherford Laite'),(844,'Ruthie Nelissen'),(833,'Rycca Allender'),(943,'Ryon Guerrieri'),(496,'Salim Proud'),(418,'Salli Gascoigne'),(794,'Sammie Catcheside'),(850,'Sammy Brisbane'),(104,'Sanderson Schwant'),(526,'Saree Abrahamovitz'),(290,'Saudra Oehme'),(193,'Saw Shorte'),(141,'Sax Kinnier'),(532,'Scarlet Jentges'),(319,'Scarlett Althrop'),(471,'Sebastien Filip'),(982,'Selinda Deely'),(360,'Serena Brocklehurst'),(838,'Serena Kinnear'),(415,'Shae Mebs'),(205,'Shaine Stigell'),(830,'Shanan Levick'),(99,'Shane Josskovitz'),(439,'Shari Bampkin'),(574,'Sharity Dorrance'),(266,'Sharline Fierro'),(749,'Sharona Cheesworth'),(719,'Shaylah Kollaschek'),(883,'Sheelah O\'Cannan'),(32,'Shelbi Cottel'),(357,'Shelley Gommey'),(112,'Shepard Tenney'),(7,'Shepperd Addinall'),(320,'Sheridan Doleman'),(782,'Sherlocke Klaus'),(992,'Shermie Soots'),(440,'Shirlee Frichley'),(576,'Shoshanna De Domenicis'),(822,'Sibbie Thurner'),(123,'Sibby Ilyas'),(458,'Sileas Blaker'),(765,'Simone Havis'),(327,'Simonne Creedland'),(664,'Sinclare Carrodus'),(957,'Siouxie Elsworth'),(954,'Sisely Windsor'),(688,'Skippie Balden'),(237,'Sloan Rawet'),(213,'Smith Cully'),(197,'Solomon Jervis'),(913,'Somerset Rapinett'),(681,'Stanislas Casella'),(71,'Stanleigh Seward'),(387,'Stepha McGoogan'),(548,'Stephana Ladbrooke'),(284,'Stephie Camis'),(142,'Stirling Ortega'),(267,'Sumner Pittway'),(687,'Susana Mitkcov'),(198,'Suzi Clewley'),(596,'Suzi Vandenhoff'),(764,'Suzie Ghidelli'),(656,'Svend Cregin'),(609,'Syman Nettle'),(47,'Syman Sotham'),(494,'Taber Pervoe'),(223,'Talbert Mochar'),(699,'Tallie Gocke'),(70,'Tallulah Gooda'),(262,'Tamara Greedyer'),(236,'Tammara Vidgeon'),(369,'Tammie Mulrenan'),(108,'Tatiana Corsan'),(651,'Tatiania Cattrell'),(8,'Tatiania Smaleman'),(291,'Tatum Iddenden'),(199,'Tawnya Cayzer'),(630,'Teddi Lickorish'),(566,'Teddi Tolworth'),(597,'Teddie Collyer'),(157,'Teddy Blazic'),(533,'Teodoor Seleway'),(987,'Teodor Arnolds'),(601,'Terra Charrisson'),(424,'Thacher Molineaux'),(125,'Thatcher Gibbs'),(606,'Thekla Bultitude'),(408,'Theodore Willans'),(52,'Theresa Lindner'),(592,'Therine Greet'),(846,'Thia Mumbey'),(181,'Thomasa De Matteis'),(521,'Thor Gowar'),(573,'Thorndike Inderwick'),(887,'Thorny Franzonello'),(420,'Thorstein Eden'),(235,'Thorsten Ormistone'),(997,'Tiertza Wenger'),(994,'Tilly De Mattei'),(389,'Tiphani Leaburn'),(356,'Tobey Phillpot'),(545,'Tobit Amiranda'),(912,'Tom Skeermor'),(973,'Tommy Silverthorne'),(45,'Tony Kmiec'),(889,'Tony Le Floch'),(37,'Tore Bugge'),(854,'Torr Skrine'),(924,'Torrence Critchell'),(513,'Tova Murdy'),(313,'Tracee Arrington'),(98,'Tracey Daughtrey'),(728,'Traver Drewett'),(779,'Travers Maryott'),(137,'Tristan Swalteridge'),(393,'Trumann Longshaw'),(549,'Tucker Keenlayside'),(562,'Tulley Osler'),(100,'Tynan Stirley'),(341,'Ugo Rossbrooke'),(534,'Ulla Bachelor'),(433,'Urban Gauthorpp'),(803,'Vachel Drillingcourt'),(637,'Valentine Lanyon'),(96,'Valerye Garner'),(741,'Valli Mullane'),(485,'Van Besant'),(90,'Vance Hehnke'),(716,'Vanya Eakly'),(711,'Vaughan Damerell'),(773,'Verene Reinisch'),(381,'Vergil Wrought'),(511,'Vidovic Camm'),(934,'Vikky Spaule'),(839,'Vincent Asprey'),(594,'Vincent Suttell'),(294,'Vinnie Stillman'),(559,'Violetta Pharrow'),(919,'Vitia Childes'),(400,'Vittoria Quest'),(12,'Vivien Garstan'),(94,'Wainwright Spiniello'),(508,'Wait Ailmer'),(450,'Waldo Thunnercliff'),(317,'Walther Kalberer'),(558,'Walther Wincott'),(731,'Wendell Cornau'),(481,'Wileen August'),(289,'Willard Rustidge'),(744,'Winnifred Hannabus'),(507,'Winny Kobsch'),(103,'Wittie Rollings'),(255,'Woodie Brunone'),(682,'Wyatan Tittershill'),(620,'Wynn Acres'),(383,'Yetty Kilpatrick'),(326,'Ynes Corsor'),(767,'Yoko Bote'),(819,'Yolanda Learoyd'),(272,'Yorgos Neiland'),(929,'Yorke Axcell'),(981,'Yorker Conquest'),(373,'Zaccaria Dockrell'),(170,'Zacharias Szapiro'),(349,'Zebulen Daborne'),(797,'Zia Hastewell'),(81,'Zia Milland');
/*!40000 ALTER TABLE `author` ENABLE KEYS */;
UNLOCK TABLES;

--
-- Table structure for table `author_nationality`
--

DROP TABLE IF EXISTS `author_nationality`;
/*!40101 SET @saved_cs_client     = @@character_set_client */;
/*!40101 SET character_set_client = utf8 */;
CREATE TABLE `author_nationality` (
  `id` int(11) NOT NULL AUTO_INCREMENT,
  `author_id` int(11) NOT NULL,
  `nationality_id` int(11) NOT NULL,
  PRIMARY KEY (`id`),
  KEY `author_id` (`author_id`),
  KEY `nationality_id` (`nationality_id`),
  CONSTRAINT `author_nationality_ibfk_1` FOREIGN KEY (`author_id`) REFERENCES `author` (`id`),
  CONSTRAINT `author_nationality_ibfk_2` FOREIGN KEY (`nationality_id`) REFERENCES `nationality` (`id`)
) ENGINE=InnoDB AUTO_INCREMENT=501 DEFAULT CHARSET=latin1;
/*!40101 SET character_set_client = @saved_cs_client */;

--
-- Dumping data for table `author_nationality`
--

LOCK TABLES `author_nationality` WRITE;
/*!40000 ALTER TABLE `author_nationality` DISABLE KEYS */;
INSERT INTO `author_nationality` VALUES (1,1,78),(2,2,71),(3,3,82),(4,4,24),(5,5,45),(6,6,95),(7,7,55),(8,8,71),(9,9,29),(10,10,42),(11,11,80),(12,12,18),(13,13,31),(14,14,37),(15,15,23),(16,16,75),(17,17,44),(18,18,23),(19,19,33),(20,20,66),(21,21,85),(22,22,60),(23,23,34),(24,24,7),(25,25,91),(26,26,99),(27,27,80),(28,28,99),(29,29,63),(30,30,76),(31,31,95),(32,32,66),(33,33,37),(34,34,15),(35,35,23),(36,36,13),(37,37,59),(38,38,91),(39,39,99),(40,40,44),(41,41,38),(42,42,52),(43,43,88),(44,44,51),(45,45,18),(46,46,63),(47,47,29),(48,48,71),(49,49,33),(50,50,95),(51,51,97),(52,52,96),(53,53,52),(54,54,41),(55,55,96),(56,56,22),(57,57,47),(58,58,98),(59,59,35),(60,60,87),(61,61,4),(62,62,56),(63,63,85),(64,64,79),(65,65,40),(66,66,39),(67,67,46),(68,68,58),(69,69,3),(70,70,53),(71,71,34),(72,72,56),(73,73,84),(74,74,75),(75,75,44),(76,76,95),(77,77,21),(78,78,21),(79,79,52),(80,80,85),(81,81,85),(82,82,94),(83,83,75),(84,84,79),(85,85,55),(86,86,24),(87,87,90),(88,88,39),(89,89,47),(90,90,53),(91,91,21),(92,92,15),(93,93,66),(94,94,79),(95,95,79),(96,96,21),(97,97,6),(98,98,25),(99,99,5),(100,100,83),(101,101,56),(102,102,63),(103,103,75),(104,104,55),(105,105,65),(106,106,76),(107,107,67),(108,108,40),(109,109,49),(110,110,31),(111,111,38),(112,112,79),(113,113,76),(114,114,74),(115,115,67),(116,116,14),(117,117,84),(118,118,35),(119,119,12),(120,120,63),(121,121,26),(122,122,55),(123,123,49),(124,124,5),(125,125,49),(126,126,47),(127,127,26),(128,128,96),(129,129,56),(130,130,15),(131,131,37),(132,132,76),(133,133,72),(134,134,59),(135,135,15),(136,136,14),(137,137,36),(138,138,67),(139,139,6),(140,140,48),(141,141,49),(142,142,91),(143,143,58),(144,144,91),(145,145,66),(146,146,88),(147,147,7),(148,148,40),(149,149,26),(150,150,44),(151,151,68),(152,152,17),(153,153,97),(154,154,61),(156,156,55),(157,157,19),(158,158,75),(159,159,75),(160,160,26),(161,161,32),(162,162,72),(163,163,98),(164,164,46),(165,165,21),(167,167,81),(168,168,42),(169,169,22),(170,170,96),(171,171,76),(172,172,30),(173,173,47),(174,174,63),(175,175,36),(176,176,54),(177,177,66),(178,178,97),(179,179,46),(180,180,66),(181,181,81),(182,182,5),(183,183,52),(184,184,32),(185,185,2),(186,186,32),(187,187,96),(188,188,59),(189,189,25),(190,190,45),(191,191,73),(192,192,81),(193,193,10),(194,194,5),(195,195,81),(196,196,39),(197,197,92),(198,198,46),(199,199,55),(200,200,90),(201,201,76),(202,202,64),(203,203,91),(204,204,73),(205,205,85),(206,206,86),(207,207,44),(208,208,4),(209,209,74),(210,210,47),(211,211,37),(212,212,88),(213,213,77),(214,214,17),(215,215,95),(216,216,54),(217,217,75),(218,218,50),(219,219,4),(220,220,77),(221,221,98),(222,222,95),(223,223,49),(224,224,49),(225,225,3),(226,226,19),(227,227,97),(228,228,89),(229,229,40),(230,230,69),(231,231,84),(232,232,43),(233,233,99),(234,234,53),(235,235,39),(236,236,73),(237,237,16),(238,238,54),(239,239,60),(240,240,76),(241,241,32),(242,242,23),(243,243,50),(244,244,25),(245,245,71),(246,246,60),(247,247,71),(248,248,94),(249,249,45),(250,250,98),(251,251,11),(252,252,12),(253,253,9),(254,254,31),(255,255,30),(256,256,71),(257,257,98),(258,258,24),(259,259,68),(260,260,50),(261,261,52),(262,262,54),(263,263,24),(264,264,5),(265,265,87),(266,266,44),(267,267,70),(268,268,82),(269,269,77),(270,270,97),(271,271,92),(272,272,93),(273,273,88),(274,274,18),(275,275,19),(276,276,93),(277,277,38),(278,278,84),(279,279,19),(280,280,97),(281,281,78),(282,282,50),(283,283,24),(284,284,6),(285,285,96),(286,286,93),(287,287,17),(288,288,24),(289,289,47),(290,290,67),(291,291,89),(292,292,91),(293,293,11),(294,294,14),(295,295,55),(296,296,27),(297,297,21),(298,298,82),(299,299,15),(300,300,81),(301,301,98),(302,302,49),(303,303,47),(304,304,86),(305,305,74),(306,306,5),(307,307,74),(308,308,11),(309,309,4),(310,310,74),(311,311,80),(312,312,50),(313,313,4),(314,314,6),(315,315,25),(316,316,68),(317,317,14),(318,318,79),(319,319,39),(320,320,25),(321,321,30),(322,322,25),(323,323,78),(324,324,78),(325,325,2),(326,326,99),(327,327,91),(328,328,11),(329,329,72),(330,330,27),(331,331,25),(332,332,36),(333,333,57),(334,334,25),(335,335,22),(336,336,4),(337,337,80),(338,338,40),(339,339,40),(340,340,27),(341,341,40),(342,342,73),(343,343,50),(344,344,92),(345,345,100),(346,346,76),(348,348,8),(349,349,59),(350,350,51),(351,351,78),(352,352,11),(353,353,53),(354,354,89),(355,355,57),(356,356,46),(357,357,64),(358,358,78),(359,359,38),(360,360,99),(361,361,87),(362,362,34),(363,363,12),(364,364,25),(365,365,90),(366,366,34),(367,367,48),(368,368,21),(369,369,20),(370,370,72),(371,371,59),(372,372,86),(373,373,68),(374,374,28),(375,375,61),(376,376,41),(377,377,39),(378,378,24),(379,379,38),(380,380,43),(381,381,45),(382,382,89),(383,383,75),(384,384,36),(385,385,13),(386,386,73),(387,387,95),(388,388,6),(389,389,36),(390,390,76),(391,391,88),(392,392,36),(393,393,81),(394,394,95),(395,395,93),(396,396,5),(397,397,69),(398,398,29),(399,399,56),(400,400,55),(401,401,36),(402,402,46),(403,403,84),(404,404,39),(405,405,56),(407,407,76),(408,408,15),(409,409,37),(410,410,18),(411,411,27),(412,412,41),(413,413,9),(414,414,33),(417,417,18),(418,418,6),(419,419,89),(420,420,48),(421,421,64),(422,422,36),(423,423,18),(424,424,70),(425,425,41),(426,426,78),(427,427,96),(428,428,44),(429,429,6),(430,430,100),(431,431,58),(432,432,7),(433,433,13),(434,434,6),(435,435,44),(436,436,51),(437,437,47),(438,438,65),(439,439,87),(440,440,56),(441,441,83),(442,442,16),(443,443,42),(444,444,77),(445,445,53),(446,446,59),(447,447,99),(448,448,87),(449,449,36),(450,450,34),(451,451,48),(452,452,98),(453,453,19),(454,454,28),(455,455,27),(456,456,68),(457,457,12),(458,458,16),(459,459,36),(460,460,16),(461,461,54),(462,462,87),(463,463,82),(464,464,78),(465,465,81),(466,466,88),(467,467,68),(468,468,68),(469,469,3),(470,470,38),(471,471,68),(472,472,90),(473,473,98),(474,474,5),(475,475,74),(476,476,30),(477,477,81),(478,478,78),(479,479,14),(480,480,23),(481,481,35),(482,482,15),(483,483,96),(484,484,63),(485,485,43),(486,486,68),(487,487,14),(488,488,83),(490,490,67),(491,491,49),(492,492,35),(493,493,51),(494,494,7),(495,495,61),(496,496,97),(497,497,80),(498,498,60),(499,499,84),(500,500,80);
/*!40000 ALTER TABLE `author_nationality` ENABLE KEYS */;
UNLOCK TABLES;

--
-- Table structure for table `edition`
--

DROP TABLE IF EXISTS `edition`;
/*!40101 SET @saved_cs_client     = @@character_set_client */;
/*!40101 SET character_set_client = utf8 */;
CREATE TABLE `edition` (
  `id` int(11) NOT NULL AUTO_INCREMENT,
  `generic_resource_id` int(11) NOT NULL,
  `recompense` decimal(19,4) DEFAULT NULL,
  `leaseable` tinyint(1) DEFAULT NULL,
  `isbn_13` varchar(13) NOT NULL,
  `date_published` smallint(6) DEFAULT NULL,
  PRIMARY KEY (`id`),
  KEY `generic_resource_id` (`generic_resource_id`),
  CONSTRAINT `edition_ibfk_1` FOREIGN KEY (`generic_resource_id`) REFERENCES `genericresource` (`id`)
) ENGINE=InnoDB AUTO_INCREMENT=501 DEFAULT CHARSET=latin1;
/*!40101 SET character_set_client = @saved_cs_client */;

--
-- Dumping data for table `edition`
--

LOCK TABLES `edition` WRITE;
/*!40000 ALTER TABLE `edition` DISABLE KEYS */;
INSERT INTO `edition` VALUES (1,1,25.0000,1,'831172335-4',1977),(2,2,29.9900,1,'988615304-0',1997),(3,3,10.0000,1,'632065401-5',1989),(4,4,39.9900,0,'610869587-0',1999),(5,5,10.0000,1,'771269290-4',1992),(6,6,10.0000,0,'731799165-1',2008),(7,7,25.0000,1,'943257486-5',2003),(8,8,39.9900,0,'462811507-9',2000),(9,9,25.0000,1,'560159732-4',1995),(10,10,25.0000,1,'244061468-8',2007),(11,11,25.0000,0,'235323770-3',2012),(12,12,25.0000,1,'593105345-X',2010),(13,13,25.0000,1,'463158621-4',1999),(14,14,10.0000,0,'578134768-2',2001),(15,15,39.9900,1,'560899595-3',2003),(16,16,29.9900,1,'369489797-6',2004),(17,17,39.9900,1,'264676519-3',1994),(18,18,29.9900,0,'313744349-0',1997),(19,19,10.0000,1,'300865829-6',2001),(20,20,10.0000,0,'342525831-1',1991),(21,21,29.9900,1,'795112968-2',1988),(22,22,25.0000,0,'982445542-6',1999),(23,23,29.9900,1,'039722705-1',1997),(24,24,39.9900,0,'903071712-2',1975),(25,25,25.0000,0,'628330023-5',2007),(26,26,39.9900,0,'044942135-X',2009),(27,27,39.9900,0,'494380491-8',1976),(28,28,25.0000,0,'468542521-9',2001),(29,29,39.9900,1,'540548077-0',2007),(30,30,10.0000,1,'185731863-3',2000),(31,31,10.0000,1,'202753277-3',1986),(32,32,10.0000,0,'394145431-5',2003),(33,33,25.0000,0,'293809060-9',1996),(34,34,25.0000,1,'617681934-2',2003),(35,35,10.0000,1,'402219775-7',2006),(36,36,10.0000,1,'634126753-3',2005),(37,37,25.0000,0,'568338395-1',1993),(38,38,29.9900,1,'120995586-5',2001),(39,39,29.9900,1,'304465620-6',1995),(40,40,29.9900,1,'576646794-X',1992),(41,41,10.0000,1,'915784621-9',2003),(42,42,29.9900,0,'679664288-0',2007),(43,43,10.0000,1,'401526242-5',2002),(44,44,10.0000,1,'592766750-3',2001),(45,45,10.0000,0,'839759337-3',2009),(46,46,25.0000,0,'456463006-7',2009),(47,47,39.9900,1,'602505509-2',2001),(48,48,39.9900,0,'862192968-6',2010),(49,49,25.0000,1,'996642961-1',1999),(50,50,10.0000,1,'096897873-8',1997),(51,51,29.9900,1,'306535426-8',1995),(52,52,29.9900,1,'630725246-4',2011),(53,53,29.9900,0,'530719980-5',2007),(54,54,29.9900,1,'765905830-4',1964),(55,55,25.0000,1,'617857070-8',1996),(56,56,29.9900,1,'999531481-9',2000),(57,57,25.0000,0,'932117752-3',2007),(58,58,29.9900,1,'417216300-9',1989),(59,59,10.0000,0,'641273519-4',2011),(60,60,25.0000,1,'513101218-X',2006),(61,61,10.0000,0,'722158877-5',1996),(62,62,39.9900,0,'175784037-0',2003),(63,63,29.9900,0,'441244661-1',2002),(64,64,25.0000,0,'554498607-X',2008),(65,65,25.0000,0,'055413718-6',2005),(66,66,29.9900,1,'111496739-4',1992),(67,67,10.0000,1,'916154831-6',1994),(68,68,25.0000,0,'409192420-4',1988),(69,69,25.0000,0,'827135914-2',1992),(70,70,10.0000,0,'721962077-2',1986),(71,71,29.9900,1,'962322499-0',2002),(72,72,29.9900,0,'480636626-9',2013),(73,73,39.9900,1,'190867508-X',2009),(74,74,25.0000,0,'444497257-2',1990),(75,75,10.0000,0,'748785543-0',2001),(76,76,39.9900,1,'785748071-1',2005),(77,77,39.9900,1,'161367404-X',1998),(78,78,39.9900,1,'323495920-X',2011),(79,79,29.9900,0,'945642195-3',2012),(80,80,25.0000,1,'676649698-3',1994),(81,81,39.9900,0,'670830771-5',2010),(82,82,10.0000,0,'257241547-X',2006),(83,83,25.0000,0,'536335303-2',2010),(84,84,10.0000,0,'794397576-6',2002),(85,85,39.9900,1,'793917934-9',2011),(86,86,25.0000,1,'716536447-1',2004),(87,87,29.9900,0,'351665532-1',2006),(88,88,29.9900,1,'675424462-3',1979),(89,89,10.0000,1,'790171727-0',1990),(90,90,25.0000,1,'617226354-4',2003),(91,91,25.0000,0,'719719432-6',2007),(92,92,39.9900,1,'870265917-4',1988),(93,93,39.9900,1,'311629916-1',1999),(94,94,10.0000,1,'473365122-8',1990),(95,95,10.0000,0,'376644038-1',2008),(96,96,29.9900,0,'877050612-4',2006),(97,97,10.0000,1,'101562095-7',1974),(98,98,25.0000,0,'867858058-5',1957),(99,99,10.0000,1,'171460353-9',2008),(100,100,29.9900,1,'579652522-0',2005),(101,101,10.0000,0,'664192019-4',2012),(102,102,29.9900,1,'514516677-X',1979),(103,103,39.9900,1,'382781590-8',2000),(104,104,25.0000,0,'538764400-2',1997),(105,105,39.9900,0,'327546668-2',1993),(106,106,25.0000,0,'328570597-3',2010),(107,107,10.0000,0,'010944655-0',1996),(108,108,10.0000,1,'975507635-2',1984),(109,109,25.0000,1,'981520960-4',1985),(110,110,39.9900,0,'817786496-3',1992),(111,111,29.9900,1,'561132228-X',2005),(112,112,10.0000,1,'125088081-5',2010),(113,113,25.0000,1,'684870699-X',2000),(114,114,25.0000,1,'940506407-X',1997),(115,115,39.9900,1,'492801200-3',1994),(116,116,39.9900,0,'497234158-0',2006),(117,117,10.0000,0,'485192925-0',2011),(118,118,25.0000,1,'101205150-1',2009),(119,119,25.0000,0,'258456119-0',1991),(120,120,29.9900,1,'696762135-1',2004),(121,121,29.9900,0,'670474516-5',1995),(122,122,10.0000,0,'926177197-1',1996),(123,123,39.9900,1,'142569823-9',1994),(124,124,29.9900,0,'253524760-7',2012),(125,125,10.0000,0,'595556244-3',1993),(126,126,29.9900,0,'519969803-6',2006),(127,127,25.0000,0,'133242181-4',1992),(128,128,39.9900,0,'051495308-X',1998),(129,129,10.0000,1,'120882566-6',1995),(130,130,25.0000,0,'769565460-4',2003),(131,131,29.9900,1,'259213903-6',1989),(132,132,29.9900,1,'640431782-6',2003),(133,133,25.0000,0,'922733481-5',2006),(134,134,29.9900,0,'357772737-3',2008),(135,135,39.9900,0,'146442455-1',2006),(136,136,10.0000,0,'028590644-5',2010),(137,137,39.9900,1,'453120311-9',2002),(138,138,10.0000,0,'538860389-X',2006),(139,139,25.0000,0,'798860605-0',1993),(140,140,39.9900,1,'175156434-7',2011),(141,141,29.9900,1,'218320669-1',2012),(142,142,29.9900,0,'810231730-2',1996),(143,143,39.9900,0,'283144646-5',1993),(144,144,39.9900,0,'659532044-4',1998),(145,145,25.0000,0,'033034487-0',1998),(146,146,29.9900,1,'844699605-7',2012),(147,147,25.0000,1,'967415553-8',2001),(148,148,29.9900,0,'682981600-9',1996),(149,149,39.9900,1,'518263821-3',2009),(150,150,25.0000,1,'819145439-4',2006),(151,151,29.9900,1,'399392768-0',2006),(152,152,29.9900,1,'330961622-3',2006),(153,153,29.9900,1,'295779972-3',1987),(154,154,10.0000,1,'817337419-8',2008),(155,155,29.9900,1,'772337112-8',2009),(156,156,10.0000,0,'798043173-1',2011),(157,157,29.9900,1,'576142922-5',1995),(158,158,25.0000,0,'325690091-7',2008),(159,159,29.9900,0,'080420870-0',1985),(160,160,10.0000,0,'665154662-7',1992),(161,161,39.9900,1,'439459212-7',1961),(162,162,10.0000,0,'897992142-X',1994),(163,163,10.0000,0,'831618694-2',1996),(164,164,29.9900,0,'254210142-6',1993),(165,165,10.0000,0,'811451367-5',2008),(166,166,29.9900,0,'814695171-6',2002),(167,167,25.0000,0,'556087219-9',1986),(168,168,39.9900,1,'866051201-4',1998),(169,169,29.9900,0,'279015511-9',1986),(170,170,39.9900,0,'974713559-0',1995),(171,171,25.0000,0,'913853935-7',1997),(172,172,29.9900,0,'039857762-5',2010),(173,173,25.0000,0,'597509683-9',1994),(174,174,10.0000,1,'896721523-1',2007),(175,175,25.0000,0,'943469962-2',1993),(176,176,29.9900,0,'220614743-2',1997),(177,177,29.9900,0,'036243083-7',1995),(178,178,25.0000,0,'937868249-9',2001),(179,179,25.0000,0,'054385900-2',2004),(180,180,29.9900,0,'202159696-6',2011),(181,181,39.9900,1,'101705125-9',2005),(182,182,25.0000,1,'503424200-1',2012),(183,183,10.0000,0,'153736450-2',1987),(184,184,29.9900,0,'602693433-2',1994),(185,185,39.9900,1,'437704767-1',2010),(186,186,29.9900,1,'675060617-2',2003),(187,187,10.0000,1,'913531330-7',2009),(188,188,10.0000,1,'540041031-6',1998),(189,189,10.0000,1,'052280312-1',1997),(190,190,29.9900,1,'799660194-1',2007),(191,191,10.0000,0,'115520455-7',1996),(192,192,10.0000,0,'413759593-3',2000),(193,193,25.0000,0,'673624535-4',2003),(194,194,10.0000,1,'030805430-X',1993),(195,195,29.9900,1,'730296507-2',1988),(196,196,29.9900,0,'814262535-0',1996),(197,197,39.9900,0,'771342402-4',2004),(198,198,39.9900,1,'770086704-6',2007),(199,199,39.9900,1,'937664248-1',1996),(200,200,39.9900,1,'545538245-4',1999),(201,201,29.9900,0,'650035496-6',2000),(202,202,29.9900,1,'092226934-3',2007),(203,203,29.9900,0,'738988392-8',1993),(204,204,39.9900,0,'161673161-3',2012),(205,205,39.9900,0,'971993679-7',2005),(206,206,10.0000,1,'457139670-8',1995),(207,207,39.9900,1,'246042357-8',2012),(208,208,39.9900,0,'456409209-X',1994),(209,209,29.9900,0,'963350961-0',2003),(210,210,25.0000,1,'288971317-2',2002),(211,211,29.9900,1,'827867065-X',2005),(212,212,29.9900,1,'506074740-9',2004),(213,213,29.9900,0,'944273040-1',1997),(214,214,39.9900,0,'734744587-6',1987),(215,215,25.0000,0,'912861657-X',2002),(216,216,10.0000,0,'287285327-8',2010),(217,217,10.0000,1,'154036736-3',2012),(218,218,39.9900,0,'390269568-4',1992),(219,219,39.9900,0,'187253002-8',2010),(220,220,10.0000,0,'041735342-1',1993),(221,221,25.0000,1,'740750001-0',2010),(222,222,29.9900,0,'099520287-7',1993),(223,223,10.0000,1,'067741100-6',2003),(224,224,39.9900,1,'216224355-5',2013),(225,225,39.9900,0,'746888621-0',1989),(226,226,10.0000,0,'211073460-4',1996),(227,227,10.0000,1,'483014885-3',1998),(228,228,39.9900,1,'529330920-X',1997),(229,229,39.9900,0,'996392285-6',2000),(230,230,25.0000,1,'329561291-9',2006),(231,231,25.0000,0,'331912561-3',1995),(232,232,29.9900,0,'860245110-5',1994),(233,233,29.9900,0,'852901826-5',1989),(234,234,10.0000,1,'844778761-3',1993),(235,235,39.9900,0,'728157245-X',1993),(236,236,39.9900,1,'092918951-5',2007),(237,237,25.0000,0,'953847802-9',1996),(238,238,39.9900,1,'869818572-X',1989),(239,239,29.9900,0,'496480419-4',1960),(240,240,39.9900,0,'266254847-9',2010),(241,241,39.9900,0,'024052670-8',1992),(242,242,10.0000,1,'199013087-9',2011),(243,243,25.0000,0,'271613297-6',2009),(244,244,29.9900,1,'145549375-9',2001),(245,245,25.0000,0,'971962083-8',2004),(246,246,29.9900,1,'928323663-7',2008),(247,247,25.0000,0,'275570039-4',2011),(248,248,39.9900,1,'968879061-3',1996),(249,249,10.0000,0,'680792925-0',1996),(250,250,25.0000,1,'782174203-1',2010),(251,251,10.0000,0,'899452563-7',1984),(252,252,39.9900,1,'774619086-3',1998),(253,253,25.0000,0,'493465270-1',2007),(254,254,29.9900,0,'062558993-9',2013),(255,255,25.0000,1,'179153091-5',1995),(256,256,25.0000,0,'114695857-9',2011),(257,257,25.0000,0,'111455745-5',1994),(258,258,10.0000,0,'412344121-1',2002),(259,259,29.9900,0,'636593848-9',1999),(260,260,10.0000,0,'241279027-2',2002),(261,261,10.0000,0,'808513535-3',2000),(262,262,10.0000,0,'888961300-9',2002),(263,263,39.9900,0,'863384329-3',1993),(264,264,10.0000,0,'245407687-X',2009),(265,265,25.0000,0,'155187941-7',2002),(266,266,29.9900,0,'929898861-3',1993),(267,267,10.0000,1,'214317901-4',1993),(268,268,25.0000,1,'360623547-X',2009),(269,269,25.0000,1,'780474688-1',1999),(270,270,39.9900,0,'741493532-9',2001),(271,271,29.9900,1,'439129650-0',1998),(272,272,29.9900,1,'715224788-9',2009),(273,273,29.9900,1,'269621233-3',1993),(274,274,29.9900,0,'716578855-7',1995),(275,275,29.9900,0,'740014479-0',1998),(276,276,29.9900,0,'508045657-4',2012),(277,277,10.0000,0,'595851667-1',1997),(278,278,10.0000,0,'913591343-6',2010),(279,279,29.9900,0,'502068108-3',1990),(280,280,10.0000,0,'473343237-2',1992),(281,281,10.0000,1,'676369927-1',2008),(282,282,29.9900,1,'862310916-3',2012),(283,283,10.0000,1,'409135006-2',1990),(284,284,29.9900,0,'102333927-7',2000),(285,285,39.9900,1,'666243095-1',2000),(286,286,10.0000,1,'094014177-9',2003),(287,287,29.9900,0,'816465644-5',2004),(288,288,10.0000,0,'855563901-8',2009),(289,289,29.9900,1,'720710666-1',2011),(290,290,25.0000,0,'133443006-3',2010),(291,291,25.0000,0,'139831661-X',1993),(292,292,25.0000,0,'055571164-1',1999),(293,293,29.9900,1,'304672870-0',2004),(294,294,29.9900,1,'875011250-3',1985),(295,295,39.9900,0,'674123485-3',2009),(296,296,25.0000,1,'869221795-6',2007),(297,297,10.0000,0,'698926760-7',1999),(298,298,25.0000,0,'170887806-8',2001),(299,299,39.9900,1,'249366680-1',2003),(300,300,39.9900,1,'690006705-0',2005),(301,301,25.0000,0,'809078923-4',2001),(302,302,39.9900,1,'796185213-1',2003),(303,303,39.9900,0,'703275837-1',1998),(304,304,10.0000,1,'325563196-3',2008),(305,305,39.9900,0,'434242708-7',2008),(306,306,25.0000,0,'499118726-5',2009),(307,307,29.9900,0,'907001800-4',2012),(308,308,10.0000,1,'551080569-2',1993),(309,309,29.9900,1,'678225462-X',2009),(310,310,10.0000,0,'847285541-4',1993),(311,311,10.0000,1,'113548545-3',1991),(312,312,25.0000,0,'949484200-6',2000),(313,313,39.9900,1,'682234657-0',1988),(314,314,39.9900,0,'221715799-X',2002),(315,315,39.9900,1,'944546335-8',2011),(316,316,25.0000,0,'022193113-9',1997),(317,317,10.0000,1,'603295312-2',2007),(318,318,10.0000,1,'035135850-1',1990),(319,319,29.9900,0,'043089388-4',1992),(320,320,10.0000,1,'976032293-5',1998),(321,321,10.0000,0,'808392173-4',2012),(322,322,25.0000,1,'596094704-8',2007),(323,323,10.0000,0,'574861444-8',1999),(324,324,25.0000,0,'565434779-9',2008),(325,325,29.9900,0,'650951231-9',2009),(326,326,39.9900,1,'205000856-2',2002),(327,327,39.9900,0,'152894922-6',1998),(328,328,10.0000,1,'622984874-0',2009),(329,329,25.0000,0,'274300453-3',2007),(330,330,10.0000,1,'807812984-X',2008),(331,331,25.0000,0,'716611599-8',2012),(332,332,10.0000,1,'089610948-8',1998),(333,333,29.9900,1,'223327465-2',1993),(334,334,25.0000,1,'974600608-8',2006),(335,335,10.0000,1,'213305820-6',1986),(336,336,10.0000,0,'476853755-3',1999),(337,337,25.0000,1,'793638439-1',2009),(338,338,25.0000,1,'587936667-7',2009),(339,339,29.9900,0,'888241113-3',1997),(340,340,10.0000,1,'826736536-2',2012),(341,341,10.0000,1,'361371605-4',1996),(342,342,39.9900,1,'359537369-3',1984),(343,343,25.0000,0,'225201581-0',2005),(344,344,25.0000,1,'314608276-4',2007),(345,345,25.0000,0,'538586521-4',1999),(346,346,10.0000,0,'954913644-2',2007),(347,347,39.9900,0,'632508474-8',2008),(348,348,29.9900,1,'527231553-7',2012),(349,349,25.0000,1,'923080150-X',1999),(350,350,39.9900,1,'529929470-0',1995),(351,351,10.0000,0,'096522388-4',1995),(352,352,25.0000,1,'243339721-9',1988),(353,353,29.9900,1,'598207198-6',2006),(354,354,10.0000,0,'359643669-9',1972),(355,355,10.0000,1,'963654272-4',2009),(356,356,29.9900,1,'982081278-X',1995),(357,357,25.0000,1,'350273546-8',2009),(358,358,25.0000,0,'357815530-6',2008),(359,359,39.9900,0,'743542579-6',2012),(360,360,39.9900,0,'040363016-9',1993),(361,361,10.0000,1,'228601323-3',2002),(362,362,29.9900,1,'275289800-2',1997),(363,363,29.9900,0,'675867757-5',2002),(364,364,10.0000,0,'514050499-5',1988),(365,365,10.0000,1,'443243120-2',1997),(366,366,29.9900,0,'985229715-5',1966),(367,367,29.9900,1,'937958192-0',2012),(368,368,39.9900,1,'989269442-2',1993),(369,369,29.9900,0,'993056235-4',2004),(370,370,29.9900,1,'898724731-7',1996),(371,371,25.0000,0,'118955784-3',2007),(372,372,10.0000,1,'881056648-3',1995),(373,373,29.9900,0,'286524874-7',2006),(374,374,39.9900,0,'394711963-1',2007),(375,375,29.9900,1,'429122196-7',1996),(376,376,29.9900,1,'471641148-6',1992),(377,377,39.9900,1,'109696489-9',1988),(378,378,10.0000,1,'575503599-7',2009),(379,379,29.9900,1,'067924252-X',2011),(380,380,39.9900,1,'567119713-9',1991),(381,381,25.0000,1,'310525281-9',1994),(382,382,39.9900,0,'317006557-2',2009),(383,383,29.9900,1,'566819089-7',1993),(384,384,29.9900,1,'082279364-4',2000),(385,385,10.0000,1,'313467647-8',1994),(386,386,10.0000,1,'474709780-5',2006),(387,387,10.0000,0,'526680839-X',2008),(388,388,25.0000,1,'690133021-9',2000),(389,389,29.9900,1,'905001110-1',2003),(390,390,25.0000,1,'621758702-5',1997),(391,391,25.0000,0,'299930416-1',2009),(392,392,29.9900,1,'800698684-3',1993),(393,393,25.0000,0,'145123164-4',2005),(394,394,10.0000,1,'205906784-7',2004),(395,395,39.9900,1,'775965754-4',2011),(396,396,10.0000,0,'112121379-0',2005),(397,397,25.0000,0,'664161425-5',2009),(398,398,29.9900,0,'066050502-9',1994),(399,399,29.9900,0,'935723454-3',1990),(400,400,39.9900,0,'136140888-X',1995),(401,401,25.0000,1,'502554148-4',1994),(402,402,25.0000,1,'072043658-3',1996),(403,403,29.9900,1,'836883735-9',2006),(404,404,39.9900,0,'339370765-5',2001),(405,405,39.9900,0,'817117567-8',1993),(406,406,10.0000,0,'819240325-4',2008),(407,407,29.9900,0,'114232876-7',2012),(408,408,29.9900,1,'867178374-X',2002),(409,409,25.0000,0,'131620123-6',2004),(410,410,29.9900,1,'270845341-6',2009),(411,411,25.0000,1,'102230856-4',1990),(412,412,10.0000,0,'867154043-X',2004),(413,413,39.9900,1,'156085502-9',2004),(414,414,39.9900,1,'585504038-0',2004),(415,415,25.0000,0,'797593407-0',2002),(416,416,25.0000,0,'796102801-3',1995),(417,417,39.9900,1,'544917734-8',2005),(418,418,39.9900,0,'146375816-2',1998),(419,419,25.0000,1,'328462145-8',2012),(420,420,10.0000,0,'063880267-9',2010),(421,421,25.0000,0,'448911874-0',2008),(422,422,29.9900,1,'853177497-7',2008),(423,423,29.9900,1,'403993405-9',1992),(424,424,29.9900,0,'429862362-9',1990),(425,425,39.9900,1,'213623281-9',2004),(426,426,39.9900,1,'485691040-X',1999),(427,427,29.9900,1,'322997126-4',2008),(428,428,39.9900,0,'311971675-8',2010),(429,429,29.9900,1,'368781749-0',1996),(430,430,39.9900,0,'907402025-9',2007),(431,431,10.0000,0,'322105847-0',2003),(432,432,39.9900,1,'281489323-8',2000),(433,433,25.0000,1,'084620255-7',1996),(434,434,39.9900,0,'242712243-2',2007),(435,435,39.9900,0,'101199807-6',1996),(436,436,10.0000,1,'000263667-0',1999),(437,437,39.9900,0,'346129812-3',2006),(438,438,10.0000,1,'725968338-4',2008),(439,439,39.9900,1,'042167593-4',1986),(440,440,39.9900,1,'872763832-4',1979),(441,441,10.0000,0,'642595931-2',1993),(442,442,39.9900,0,'816827221-8',1995),(443,443,29.9900,0,'713407583-4',1992),(444,444,29.9900,0,'601753000-3',2007),(445,445,29.9900,0,'421340303-3',2000),(446,446,10.0000,1,'768523117-4',2001),(447,447,39.9900,0,'443369875-X',2012),(448,448,39.9900,1,'411916729-1',2004),(449,449,25.0000,0,'412225693-3',1999),(450,450,25.0000,1,'025859152-8',1989),(451,451,39.9900,1,'724372808-1',1993),(452,452,25.0000,0,'765653157-2',1986),(453,453,29.9900,1,'811075275-6',2011),(454,454,39.9900,0,'260851709-9',2011),(455,455,10.0000,0,'634216909-8',2009),(456,456,10.0000,1,'502186667-2',2011),(457,457,39.9900,1,'746898147-7',2001),(458,458,39.9900,0,'686740388-3',1993),(459,459,29.9900,0,'894227007-7',1998),(460,460,25.0000,1,'232820294-2',2003),(461,461,10.0000,0,'955086613-0',2004),(462,462,10.0000,1,'831403373-1',2010),(463,463,39.9900,1,'314922587-6',2001),(464,464,10.0000,0,'597654383-9',2007),(465,465,10.0000,1,'668083311-6',1991),(466,466,39.9900,1,'748746207-2',1993),(467,467,29.9900,1,'485285852-7',2012),(468,468,29.9900,1,'631089595-8',2003),(469,469,25.0000,0,'472799897-1',2000),(470,470,39.9900,0,'763424854-1',1990),(471,471,39.9900,0,'286452272-1',1985),(472,472,25.0000,0,'001204246-3',2006),(473,473,39.9900,0,'486415394-9',2002),(474,474,25.0000,1,'459213312-9',1996),(475,475,10.0000,1,'007470004-9',2012),(476,476,39.9900,1,'062411965-3',1997),(477,477,10.0000,1,'121787277-9',2000),(478,478,29.9900,1,'713472818-8',1995),(479,479,25.0000,1,'132684569-1',2011),(480,480,10.0000,0,'731357611-0',2009),(481,481,39.9900,1,'883294971-7',2005),(482,482,39.9900,1,'415450818-0',1994),(483,483,29.9900,1,'317102931-6',1993),(484,484,25.0000,0,'362688249-7',2003),(485,485,39.9900,1,'721752837-2',1993),(486,486,39.9900,1,'833681732-8',1994),(487,487,10.0000,0,'979663515-1',1992),(488,488,29.9900,0,'473319040-9',1988),(489,489,25.0000,1,'893470975-8',2005),(490,490,29.9900,0,'183857764-5',1993),(491,491,25.0000,1,'047604797-8',2001),(492,492,25.0000,1,'483000982-9',2013),(493,493,29.9900,1,'569629917-2',1986),(494,494,29.9900,0,'492809138-8',1999),(495,495,25.0000,0,'745555106-1',1990),(496,496,29.9900,1,'567526463-9',1999),(497,497,10.0000,1,'068990057-0',1999),(498,498,25.0000,1,'017076841-4',1994),(499,499,29.9900,0,'359136624-2',2009),(500,500,29.9900,0,'151315973-9',1998);
/*!40000 ALTER TABLE `edition` ENABLE KEYS */;
UNLOCK TABLES;

--
-- Table structure for table `edition_translator`
--

DROP TABLE IF EXISTS `edition_translator`;
/*!40101 SET @saved_cs_client     = @@character_set_client */;
/*!40101 SET character_set_client = utf8 */;
CREATE TABLE `edition_translator` (
  `id` int(11) NOT NULL AUTO_INCREMENT,
  `edition_id` int(11) NOT NULL,
  `translator_id` int(11) NOT NULL,
  PRIMARY KEY (`id`),
  KEY `edition_id` (`edition_id`),
  KEY `translator_id` (`translator_id`),
  CONSTRAINT `edition_translator_ibfk_1` FOREIGN KEY (`edition_id`) REFERENCES `edition` (`id`),
  CONSTRAINT `edition_translator_ibfk_2` FOREIGN KEY (`translator_id`) REFERENCES `translator` (`id`)
) ENGINE=InnoDB AUTO_INCREMENT=501 DEFAULT CHARSET=latin1;
/*!40101 SET character_set_client = @saved_cs_client */;

--
-- Dumping data for table `edition_translator`
--

LOCK TABLES `edition_translator` WRITE;
/*!40000 ALTER TABLE `edition_translator` DISABLE KEYS */;
INSERT INTO `edition_translator` VALUES (1,1,1),(2,2,2),(3,3,3),(4,4,4),(5,5,5),(6,6,6),(7,7,7),(8,8,8),(9,9,9),(10,10,10),(11,11,11),(12,12,12),(13,13,13),(14,14,14),(15,15,15),(16,16,16),(17,17,17),(18,18,18),(19,19,19),(20,20,20),(21,21,21),(22,22,22),(23,23,23),(24,24,24),(25,25,25),(26,26,26),(27,27,27),(28,28,28),(29,29,29),(30,30,30),(31,31,31),(32,32,32),(33,33,33),(34,34,34),(35,35,35),(36,36,36),(37,37,37),(38,38,38),(39,39,39),(40,40,40),(41,41,41),(42,42,42),(43,43,43),(44,44,44),(45,45,45),(46,46,46),(47,47,47),(48,48,48),(49,49,49),(50,50,50),(51,51,51),(52,52,52),(53,53,53),(54,54,54),(55,55,55),(56,56,56),(57,57,57),(58,58,58),(59,59,59),(60,60,60),(61,61,61),(62,62,62),(63,63,63),(64,64,64),(65,65,65),(66,66,66),(67,67,67),(68,68,68),(69,69,69),(70,70,70),(71,71,71),(72,72,72),(73,73,73),(74,74,74),(75,75,75),(76,76,76),(77,77,77),(78,78,78),(79,79,79),(80,80,80),(81,81,81),(82,82,82),(83,83,83),(84,84,84),(85,85,85),(86,86,86),(87,87,87),(88,88,88),(89,89,89),(90,90,90),(91,91,91),(92,92,92),(93,93,93),(94,94,94),(95,95,95),(96,96,96),(97,97,97),(98,98,98),(99,99,99),(100,100,100),(101,101,101),(102,102,102),(103,103,103),(104,104,104),(105,105,105),(106,106,106),(107,107,107),(108,108,108),(109,109,109),(110,110,110),(111,111,111),(112,112,112),(113,113,113),(114,114,114),(115,115,115),(116,116,116),(117,117,117),(118,118,118),(119,119,119),(120,120,120),(121,121,121),(122,122,122),(123,123,123),(124,124,124),(125,125,125),(126,126,126),(127,127,127),(128,128,128),(129,129,129),(130,130,130),(131,131,131),(132,132,132),(133,133,133),(134,134,134),(135,135,135),(136,136,136),(137,137,137),(138,138,138),(139,139,139),(140,140,140),(141,141,141),(142,142,142),(143,143,143),(144,144,144),(145,145,145),(146,146,146),(147,147,147),(148,148,148),(149,149,149),(150,150,150),(151,151,151),(152,152,152),(153,153,153),(154,154,154),(155,155,155),(156,156,156),(157,157,157),(158,158,158),(159,159,159),(160,160,160),(161,161,161),(162,162,162),(163,163,163),(164,164,164),(165,165,165),(166,166,166),(167,167,167),(168,168,168),(169,169,169),(170,170,170),(171,171,171),(172,172,172),(173,173,173),(174,174,174),(175,175,175),(176,176,176),(177,177,177),(178,178,178),(179,179,179),(180,180,180),(181,181,181),(182,182,182),(183,183,183),(184,184,184),(185,185,185),(186,186,186),(187,187,187),(188,188,188),(189,189,189),(190,190,190),(191,191,191),(192,192,192),(193,193,193),(194,194,194),(195,195,195),(196,196,196),(197,197,197),(198,198,198),(199,199,199),(200,200,200),(201,201,201),(202,202,202),(203,203,203),(204,204,204),(205,205,205),(206,206,206),(207,207,207),(208,208,208),(209,209,209),(210,210,210),(211,211,211),(212,212,212),(213,213,213),(214,214,214),(215,215,215),(216,216,216),(217,217,217),(218,218,218),(219,219,219),(220,220,220),(221,221,221),(222,222,222),(223,223,223),(224,224,224),(225,225,225),(226,226,226),(227,227,227),(228,228,228),(229,229,229),(230,230,230),(231,231,231),(232,232,232),(233,233,233),(234,234,234),(235,235,235),(236,236,236),(237,237,237),(238,238,238),(239,239,239),(240,240,240),(241,241,241),(242,242,242),(243,243,243),(244,244,244),(245,245,245),(246,246,246),(247,247,247),(248,248,248),(249,249,249),(250,250,250),(251,251,251),(252,252,252),(253,253,253),(254,254,254),(255,255,255),(256,256,256),(257,257,257),(258,258,258),(259,259,259),(260,260,260),(261,261,261),(262,262,262),(263,263,263),(264,264,264),(265,265,265),(266,266,266),(267,267,267),(268,268,268),(269,269,269),(270,270,270),(271,271,271),(272,272,272),(273,273,273),(274,274,274),(275,275,275),(276,276,276),(277,277,277),(278,278,278),(279,279,279),(280,280,280),(281,281,281),(282,282,282),(283,283,283),(284,284,284),(285,285,285),(286,286,286),(287,287,287),(288,288,288),(289,289,289),(290,290,290),(291,291,291),(292,292,292),(293,293,293),(294,294,294),(295,295,295),(296,296,296),(297,297,297),(298,298,298),(299,299,299),(300,300,300),(301,301,301),(302,302,302),(303,303,303),(304,304,304),(305,305,305),(306,306,306),(307,307,307),(308,308,308),(309,309,309),(310,310,310),(311,311,311),(312,312,312),(313,313,313),(314,314,314),(315,315,315),(316,316,316),(317,317,317),(318,318,318),(319,319,319),(320,320,320),(321,321,321),(322,322,322),(323,323,323),(324,324,324),(325,325,325),(326,326,326),(327,327,327),(328,328,328),(329,329,329),(330,330,330),(331,331,331),(332,332,332),(333,333,333),(334,334,334),(335,335,335),(336,336,336),(337,337,337),(338,338,338),(339,339,339),(340,340,340),(341,341,341),(342,342,342),(343,343,343),(344,344,344),(345,345,345),(346,346,346),(347,347,347),(348,348,348),(349,349,349),(350,350,350),(351,351,351),(352,352,352),(353,353,353),(354,354,354),(355,355,355),(356,356,356),(357,357,357),(358,358,358),(359,359,359),(360,360,360),(361,361,361),(362,362,362),(363,363,363),(364,364,364),(365,365,365),(366,366,366),(367,367,367),(368,368,368),(369,369,369),(370,370,370),(371,371,371),(372,372,372),(373,373,373),(374,374,374),(375,375,375),(376,376,376),(377,377,377),(378,378,378),(379,379,379),(380,380,380),(381,381,381),(382,382,382),(383,383,383),(384,384,384),(385,385,385),(386,386,386),(387,387,387),(388,388,388),(389,389,389),(390,390,390),(391,391,391),(392,392,392),(393,393,393),(394,394,394),(395,395,395),(396,396,396),(397,397,397),(398,398,398),(399,399,399),(400,400,400),(401,401,401),(402,402,402),(403,403,403),(404,404,404),(405,405,405),(406,406,406),(407,407,407),(408,408,408),(409,409,409),(410,410,410),(411,411,411),(412,412,412),(413,413,413),(414,414,414),(415,415,415),(416,416,416),(417,417,417),(418,418,418),(419,419,419),(420,420,420),(421,421,421),(422,422,422),(423,423,423),(424,424,424),(425,425,425),(426,426,426),(427,427,427),(428,428,428),(429,429,429),(430,430,430),(431,431,431),(432,432,432),(433,433,433),(434,434,434),(435,435,435),(436,436,436),(437,437,437),(438,438,438),(439,439,439),(440,440,440),(441,441,441),(442,442,442),(443,443,443),(444,444,444),(445,445,445),(446,446,446),(447,447,447),(448,448,448),(449,449,449),(450,450,450),(451,451,451),(452,452,452),(453,453,453),(454,454,454),(455,455,455),(456,456,456),(457,457,457),(458,458,458),(459,459,459),(460,460,460),(461,461,461),(462,462,462),(463,463,463),(464,464,464),(465,465,465),(466,466,466),(467,467,467),(468,468,468),(469,469,469),(470,470,470),(471,471,471),(472,472,472),(473,473,473),(474,474,474),(475,475,475),(476,476,476),(477,477,477),(478,478,478),(479,479,479),(480,480,480),(481,481,481),(482,482,482),(483,483,483),(484,484,484),(485,485,485),(486,486,486),(487,487,487),(488,488,488),(489,489,489),(490,490,490),(491,491,491),(492,492,492),(493,493,493),(494,494,494),(495,495,495),(496,496,496),(497,497,497),(498,498,498),(499,499,499),(500,500,500);
/*!40000 ALTER TABLE `edition_translator` ENABLE KEYS */;
UNLOCK TABLES;

--
-- Table structure for table `editionhold`
--

DROP TABLE IF EXISTS `editionhold`;
/*!40101 SET @saved_cs_client     = @@character_set_client */;
/*!40101 SET character_set_client = utf8 */;
CREATE TABLE `editionhold` (
  `id` int(11) NOT NULL AUTO_INCREMENT,
  `edition_id` int(11) NOT NULL,
  `resource_reservation_date` datetime NOT NULL,
  PRIMARY KEY (`id`),
  KEY `edition_id` (`edition_id`),
  CONSTRAINT `editionhold_ibfk_1` FOREIGN KEY (`edition_id`) REFERENCES `edition` (`id`)
) ENGINE=InnoDB DEFAULT CHARSET=latin1;
/*!40101 SET character_set_client = @saved_cs_client */;

--
-- Dumping data for table `editionhold`
--

LOCK TABLES `editionhold` WRITE;
/*!40000 ALTER TABLE `editionhold` DISABLE KEYS */;
/*!40000 ALTER TABLE `editionhold` ENABLE KEYS */;
UNLOCK TABLES;

--
-- Table structure for table `genericresource`
--

DROP TABLE IF EXISTS `genericresource`;
/*!40101 SET @saved_cs_client     = @@character_set_client */;
/*!40101 SET character_set_client = utf8 */;
CREATE TABLE `genericresource` (
  `id` int(11) NOT NULL AUTO_INCREMENT,
  `resource_type` int(11) NOT NULL,
  `generic_resource_name` varchar(255) NOT NULL,
  PRIMARY KEY (`id`),
  KEY `generic_resource_name` (`generic_resource_name`),
  KEY `resource_type` (`resource_type`),
  CONSTRAINT `genericresource_ibfk_1` FOREIGN KEY (`resource_type`) REFERENCES `resourcetype` (`id`)
) ENGINE=InnoDB AUTO_INCREMENT=1001 DEFAULT CHARSET=latin1;
/*!40101 SET character_set_client = @saved_cs_client */;

--
-- Dumping data for table `genericresource`
--

LOCK TABLES `genericresource` WRITE;
/*!40000 ALTER TABLE `genericresource` DISABLE KEYS */;
INSERT INTO `genericresource` VALUES (1,1,'It Runs in the Family'),(2,1,'Zen Noir'),(3,2,'Get Over It'),(4,2,'Sitting Bull'),(5,2,'Animated Motion: Part 5'),(6,2,'Ernest Goes to Camp'),(7,1,'Inherit the Wind'),(8,3,'Kager-za'),(9,3,'Nutty Professor II: The Klumps'),(10,3,'Naked Lunch'),(11,1,'Cyberbully'),(12,2,'After the Rehearsal (Efter repetitionen)'),(13,2,'Summer Storm (Sommersturm)'),(14,2,'Black Like Me'),(15,1,'Under Ten Flags'),(16,1,'Doogal'),(17,3,'Needle, The (Igla)'),(18,3,'Forest Warrior'),(19,3,'Afghan Star'),(20,3,'Kickboxer'),(21,2,'Rockin\' in the Rockies'),(22,1,'Farewell (L\'affaire Farewell)'),(23,1,'Industrial Symphony No. 1: The Dream of the Brokenhearted'),(24,1,'King of the Zombies'),(25,1,'History Is Made at Night'),(26,3,'Paradise'),(27,2,'Toy Soldiers'),(28,1,'Armored'),(29,1,'Princess and the Goblin, The'),(30,2,'BlinkyTM'),(31,1,'This American Journey'),(32,2,'Universal Soldier: Regeneration'),(33,2,'The Last Round'),(34,3,'Clifford'),(35,1,'Philadelphia Experiment, The'),(36,1,'Hills Have Eyes, The'),(37,3,'Bilitis'),(38,3,'Cool School, The'),(39,3,'Mega Shark vs. Giant Octopus'),(40,2,'World According to Garp, The'),(41,3,'Cutie Honey'),(42,2,'Wild America'),(43,1,'Story of Temple Drake, The'),(44,1,'Curve, The (Dead Man\'s Curve)'),(45,3,'Roadkill (a.k.a. Roadkill: Move or Die)'),(46,1,'At First Sight'),(47,2,'Confucian Confusion, A (Du li shi dai)'),(48,3,'Banger Sisters, The'),(49,3,'Kansas Raiders'),(50,1,'Gett: The Trial of Viviane Amsalem'),(51,3,'Hawaii'),(52,3,'To Each His Own'),(53,1,'White Sheik, The (Sceicco bianco, Lo)'),(54,3,'Cercle Rouge, Le (Red Circle, The)'),(55,3,'Four Minutes (Vier Minuten)'),(56,1,'Railway Children, The'),(57,1,'Dr. Dolittle: Tail to the Chief'),(58,3,'Il Capitano'),(59,1,'Hearts in Atlantis'),(60,2,'Secret Agent, The'),(61,3,'Dickson Experimental Sound Film'),(62,3,'Stitches'),(63,3,'Saawariya'),(64,1,'Bright Lights'),(65,1,'13 Sins'),(66,3,'My Father and the Man in Black'),(67,3,'Murder on the Orient Express'),(68,2,'Erkan & Stefan 3'),(69,2,'Pride of the Yankees, The'),(70,3,'Manson'),(71,2,'White Night Wedding (Brguminn)'),(72,1,'Pirates Who Don\'t Do Anything: A VeggieTales Movie, The'),(73,1,'Bewitched'),(74,3,'Pyaar Impossible'),(75,3,'Mitt'),(76,3,'Lynch'),(77,3,'Violent City (Family, The) (Citt violenta)'),(78,3,'Being There'),(79,1,'41'),(80,2,'Red Sands'),(81,1,'Silent Wedding (Nunta Muta)'),(82,2,'Constant Nymph, The'),(83,1,'Breaking Wind'),(84,2,'Garage Olimpo'),(85,1,'Absolute Aggression'),(86,1,'Too Shy to Try (Je suis timide... mais je me soigne)'),(87,1,'Mbius'),(88,2,'The Princess of Egypt'),(89,1,'Naked Killer (Chik loh go yeung)'),(90,3,'Hangover Part II, The'),(91,2,'Overbrook Brothers, The'),(92,2,'Human Trafficking'),(93,2,'Double Take'),(94,1,'Squanto: A Warrior\'s Tale'),(95,3,'Sorority Boys'),(96,1,'Blue Chips'),(97,3,'A Kind of America 2'),(98,2,'A Most Violent Year'),(99,1,'Heiter bis wolkig'),(100,1,'Vengeance is Mine (Fukushu suruwa wareniari)'),(101,3,'Female Demon Ohyaku (Yen dokufuden hannya no ohyaku)'),(102,2,'Pat Garrett and Billy the Kid'),(103,1,'You\'re a Good Man, Charlie Brown'),(104,1,'In My Country (a.k.a. Country of My Skull)'),(105,3,'Under the Boardwalk: The Monopoly Story'),(106,3,'Gainsbourg (Vie Hroque)'),(107,1,'Dark Forces (Harlequin)'),(108,3,'We Can Be Heroes'),(109,1,'13 Beloved (13 game sayawng)'),(110,3,'That Most Important Thing: Love (L\'important c\'est d\'aimer)'),(111,3,'Garage, The'),(112,1,'Wordplay'),(113,2,'Iceman Cometh, The'),(114,2,'Undertaker and His Pals, The'),(115,2,'Angel Named Billy, An'),(116,2,'Up in Arms'),(117,2,'Hands of Orlac, The (Orlacs Hnde)'),(118,1,'Institute, The'),(119,3,'Letter for the King, The (Brief voor de koning, De)'),(120,2,'Logorama'),(121,2,'Cousin cousine'),(122,2,'Godsend'),(123,1,'Son of Kong, The'),(124,3,'Hotel Very Welcome'),(125,3,'Princess and the Pony'),(126,1,'Leningrad Cowboys Go America'),(127,2,'Desert Heat (Inferno)'),(128,2,'Double Vision (Shuang tong)'),(129,1,'Jiro Dreams of Sushi'),(130,1,'Abbott and Costello Meet Captain Kidd'),(131,2,'Full Body Massage'),(132,1,'Nostalgia for the Light (Nostalgia de la luz)'),(133,3,'Killer Is Loose, The'),(134,3,'Lone Wolf and Cub: Sword of Vengeance (Kozure kami: Kowokashi udekashi tsukamatsuru)'),(135,3,'New Country, The (Det nya landet)'),(136,1,'Campus Radio'),(137,2,'Arsenal'),(138,3,'Poppy Shakespeare'),(139,1,'This is Our Time'),(140,1,'Cry, the Beloved Country'),(141,3,'After Earth'),(142,2,'Lupin III: The Castle Of Cagliostro (Rupan sansei: Kariosutoro no shiro)'),(143,1,'Arrival of a Train, The'),(144,3,'Scream of Fear (a.k.a. Taste of Fear)'),(145,1,'Haunted'),(146,1,'Lunopolis'),(147,2,'Space Movie, The'),(148,1,'Sekirei'),(149,3,'Kansas City Confidential'),(150,2,'Carmen Miranda: Bananas Is My Business'),(151,2,'Driven'),(152,3,'League of Ordinary Gentlemen, A'),(153,3,'Paris'),(154,3,'A Man Called Magnum'),(155,2,'London to Brighton'),(156,1,'Heaven Help Us'),(157,2,'Battleground'),(158,3,'Period of Adjustment'),(159,1,'Mary Poppins'),(160,1,'Dam Busters, The'),(161,1,'Face of a Fugitive'),(162,2,'Chronicles of Riddick, The'),(163,1,'Catching Hell'),(164,3,'Bear with Me'),(165,3,'How She Move'),(166,1,'Une tudiante d\'aujourd\'hui'),(167,3,'Twin Town'),(168,3,'Russell Peters: Red, White and Brown'),(169,3,'Dakota'),(170,3,'Hello Down There'),(171,3,'Bad Chicken'),(172,3,'Blow Dry (a.k.a. Never Better)'),(173,3,'Morocco'),(174,2,'Hurt Locker, The'),(175,2,'Fugitive, The'),(176,3,'Dinosaurs: A Fun Filled Trip Back in Time'),(177,3,'Back in the Saddle (Back in the Saddle Again)'),(178,2,'Creature from the Black Lagoon, The'),(179,3,'Stranger Among Us, A'),(180,1,'Vollidiot'),(181,1,'You\'ll Never Get Rich'),(182,2,'Federico Fellini\'s Autobiography (Federico Fellini - un autoritratto ritrovato)'),(183,2,'Flower of My Secret, The (La flor de mi secreto)'),(184,1,'Get on the Bus'),(185,1,'Harrison\'s Flowers'),(186,2,'Dawn Patrol, The (Flight Commander)'),(187,3,'Tenderness (Hellyys)'),(188,1,'Dear Brigitte'),(189,2,'Murphy\'s Law'),(190,1,'Imaginary Heroes'),(191,1,'Twice Upon a Yesterday (a.k.a. Man with Rain in His Shoes, The)'),(192,1,'Bubba Ho-tep'),(193,2,'In the Loop'),(194,1,'Drmkken'),(195,3,'Seven Beauties (Pasqualino Settebellezze)'),(196,3,'Act of Seeing with One\'s Own Eyes, The '),(197,2,'Leningrad Cowboys Meet Moses'),(198,3,'Bells, The'),(199,2,'Over Her Dead Body'),(200,1,'Primrose Path'),(201,3,'King Kong Escapes (Kingu Kongu no gyakush)'),(202,2,'High Risk'),(203,3,'Joyful Noise'),(204,1,'One-Eyed Monster'),(205,3,'Putin\'s Kiss'),(206,3,'Rise of the Planet of the Apes'),(207,2,'Five'),(208,1,'Music Man, The'),(209,1,'Asterix & Obelix: Mission Cleopatra (Astrix & Oblix: Mission Cloptre)'),(210,3,'Faraway, So Close (In weiter Ferne, so nah!)'),(211,1,'Momma\'s Man'),(212,3,'Jonestown: The Life and Death of Peoples Temple'),(213,3,'Unstoppable'),(214,2,'Better Tomorrow, A (Ying hung boon sik)'),(215,3,'Mediterraneo'),(216,2,'Pittsburgh'),(217,1,'Waking the Dead'),(218,3,'Honeymoon'),(219,2,'Psycho III'),(220,3,'Oh My God'),(221,3,'Laugh, Clown, Laugh'),(222,1,'Distance'),(223,1,'Henry V (Chronicle History of King Henry the Fift with His Battell Fought at Agincourt in France, The)'),(224,2,'State Property 2'),(225,1,'Exodus: Gods and Kings'),(226,1,'Pretty/Handsome'),(227,3,'Gamers, The: Dorkness Rising'),(228,2,'Three (Tri)'),(229,1,'Takva: A Man\'s Fear of God'),(230,3,'Story of a Cheat, The (Roman d\'un tricheur, Le)'),(231,1,'The Hire: Ambush'),(232,1,'Judy Berlin'),(233,1,'When Trumpets Fade'),(234,2,'The Empty Hours'),(235,1,'Thirteen Conversations About One Thing (a.k.a. 13 Conversations)'),(236,1,'Toolbox Murders, The'),(237,2,'Mtastases'),(238,3,'Cage aux Folles, La'),(239,1,'Drunken Tai Chi (Siu taai gik)'),(240,3,'Girl in the Cadillac'),(241,2,'Coast Guard, The (Hae anseon)'),(242,1,'Tickets'),(243,3,'30 Beats'),(244,3,'Shooter, The'),(245,1,'Odd Thomas'),(246,1,'Zero Theorem, The'),(247,3,'Scavenger Hunt'),(248,3,'Sambizanga'),(249,3,'Making Love'),(250,1,'Loves of a Blonde (Lsky jedn plavovlsky)'),(251,2,'Sheltering Sky, The'),(252,3,'L: Change the World'),(253,2,'Big Business'),(254,3,'Holes'),(255,3,'Fright to the Finish'),(256,3,'Intimate Strangers (Confidences trop intimes)'),(257,1,'The Secret of Convict Lake'),(258,1,'Pekka ja Ptk neekerein'),(259,2,'Greater Promise, A (Iskateli Schastya)'),(260,1,'Vixen!'),(261,2,'Suicide Shop, The (Le magasin des suicides) '),(262,2,'Devil\'s Diary'),(263,3,'Trust Me'),(264,1,'Accomplices (Complices)'),(265,3,'God\'s Little Acre'),(266,1,'Devil\'s Doorway'),(267,2,'James Dean'),(268,1,'Collision Earth'),(269,1,'Surviving Christmas'),(270,3,'Carmen'),(271,3,'Fuzz'),(272,1,'Deadbolt'),(273,1,'Christmas in August (Palwolui Christmas)'),(274,3,'Heartbeat'),(275,3,'Ogre, The (Unhold, Der)'),(276,1,'Kagi (Odd Obsession)'),(277,1,'Farewell (L\'affaire Farewell)'),(278,1,'Last Time I Committed Suicide, The'),(279,1,'90 Minutes (90 minutter)'),(280,3,'Hoop Realities'),(281,1,'Damage (Fatale)'),(282,2,'Stage Fright'),(283,2,'All the Boys Love Mandy Lane'),(284,2,'Paris Blues'),(285,3,'Fifty Dead Men Walking'),(286,1,'Jimmy Rosenberg: The Father, the Son & the Talent'),(287,1,'Arsne Lupin'),(288,2,'Magic in the Moonlight'),(289,2,'Chasing Beauty'),(290,1,'Aglaya'),(291,3,'Marathon Man'),(292,2,'Family Secrets (Familjehemligheter)'),(293,2,'Thy Womb (Sinapupunan)'),(294,2,'Dr. Jekyll and Ms. Hyde'),(295,1,'Saga of Gosta Berling, The (Gsta Berlings saga)'),(296,3,'King Cobra'),(297,2,'Billy the Kid vs. Dracula'),(298,2,'Death Racers'),(299,3,'Rafa'),(300,1,'Once Bitten'),(301,2,'Dollman'),(302,1,'Shall We Dance? (Shall We Dansu?)'),(303,1,'Life of a King'),(304,2,'Sword of the Beast (Kedamono no ken)'),(305,1,'Nancy Drew: Detective'),(306,2,'Shanghai'),(307,2,'Outlander'),(308,3,'Place Beyond the Pines, The'),(309,1,'Open Road, The'),(310,3,'Rubber'),(311,3,'The Inhabited Island 2: Rebellion'),(312,2,'Wild Hearts Can\'t Be Broken'),(313,3,'Loaded'),(314,1,'Identity'),(315,1,'Agent Cody Banks'),(316,1,'Four Sons'),(317,1,'Devil\'s Ground, The'),(318,3,'Winter War (Talvisota)'),(319,2,'Sayonara'),(320,3,'What Richard Did'),(321,1,'Great Communist Bank Robbery (Marele jaf comunist)'),(322,3,'Unfaithful, The'),(323,2,'Son of the Bride (Hijo de la novia, El)'),(324,1,'Pascali\'s Island'),(325,3,'Fanny'),(326,2,'Stories of Lost Souls'),(327,1,'Deewaar'),(328,2,'Dave Chappelle: For What it\'s Worth'),(329,2,'Killer Pad'),(330,2,'Gone in 60 Seconds'),(331,3,'When You Comin\' Back, Red Ryder?'),(332,1,'Boys & Girl from County Clare, The (a.k.a. The Boys from County Clare)'),(333,3,'Super Size Me'),(334,2,'Musketeer, The'),(335,2,'Shorts'),(336,3,'I Can\'t Sleep (J\'ai pas sommeil)'),(337,3,'If I Were You (Se Eu Fosse Voc)'),(338,1,'Wild Child, The (Enfant sauvage, L\')'),(339,1,'Four Sahibjade'),(340,1,'Stranded: I\'ve Come from a Plane That Crashed on the Mountains'),(341,1,'Searching for Bobby Fischer'),(342,3,'Encino Man'),(343,1,'Spinning Boris'),(344,1,'Our Man in Havana'),(345,3,'Drowning Pool, The'),(346,3,'Bullfighters, The'),(347,2,'Disney Sing Along Songs: Under the Sea'),(348,2,'Tarzan'),(349,3,'Halloween'),(350,1,'Look Back in Anger'),(351,3,'All the Fine Young Cannibals'),(352,2,'Dirty Money (Un flic)'),(353,3,'Monsieur Ibrahim (Monsieur Ibrahim et les fleurs du Coran)'),(354,3,'Bells of Capistrano'),(355,2,'Band of the Hand'),(356,2,'So Normal (Normais, Os)'),(357,1,'Elementary Particles, The (Elementarteilchen)'),(358,1,'K-PAX'),(359,2,'Dinner, The (Cena, La)'),(360,3,'Asterix and the Vikings (Astrix et les Vikings)'),(361,3,'Zatoichi in Desperation (Shin Zatichi monogatari: Oreta tsue) (Zatichi 24)'),(362,2,'Jack Goes Boating'),(363,3,'Abendland'),(364,3,'Memories (Memorzu)'),(365,3,'Man of Tai Chi'),(366,1,'Page Turner, The (Tourneuse de pages, La)'),(367,3,'Impulse'),(368,2,'Heckler'),(369,3,'Gas'),(370,1,'Agony and the Ecstasy, The'),(371,2,'Everybody Dies But Me'),(372,2,'And Soon the Darkness'),(373,2,'Father of the Bride'),(374,2,'19th Wife, The'),(375,1,'Babar The Movie'),(376,2,'Evan Almighty'),(377,1,'Fixer, The'),(378,3,'Fabulous Baker Boys, The'),(379,2,'One Hour Photo'),(380,3,'Passion of Ayn Rand, The'),(381,3,'Shock Doctrine, The'),(382,2,'Ghetto (Vilniaus Getas)'),(383,1,'I Bought a Vampire Motorcycle'),(384,1,'Adam Had Four Sons'),(385,2,'L.A. Zombie'),(386,1,'Algiers'),(387,1,'Yrrol: An Enormously Well Thought Out Movie (Yrrol - en kolossalt genomtnkt film)'),(388,3,'Teacher\'s Pet'),(389,1,'Soap and Water'),(390,2,'Heartbreaker (L\'Arnacoeur)'),(391,3,'Soul of Bread, The (Ai de mian bao hun)'),(392,2,'Outsider'),(393,2,'Outsourced'),(394,3,'Blackout (Murder by Proxy)'),(395,1,'Love and a .45'),(396,2,'One Piece Film Z'),(397,2,'Family Affair '),(398,1,'Strange Color Of Your Body\'s Tears, The (L\'trange couleur des larmes de ton corps)'),(399,3,'Quest'),(400,3,'License to Wed'),(401,2,'Leopard, The (Gattopardo, Il)'),(402,3,'Teheran 43: Spy Ring (a.k.a. Assassination Attempt) (Tegeran-43)'),(403,2,'Underworld U.S.A.'),(404,3,'Shiner'),(405,2,'Volcano (Eldfjall)'),(406,3,'Independents'),(407,1,'One Deadly Summer (L\'t meurtrier)'),(408,1,'My Afternoons with Margueritte (La tte en friche)'),(409,3,'Map of the Human Heart'),(410,3,'Miss Congeniality 2: Armed and Fabulous'),(411,1,'Faust'),(412,2,'Instinct'),(413,1,'Stolen Kisses (Baisers vols)'),(414,3,'Pajeczarki'),(415,3,'John Carter'),(416,3,'Rains Came, The'),(417,2,'Gaslight'),(418,2,'New Gladiators (I guerrieri dell\'anno 2072)'),(419,1,'City of Ember'),(420,3,'The Outsider'),(421,3,'Bad Company'),(422,3,'Misunderstood'),(423,2,'Shogun Assassin'),(424,1,'The Tenant of Wildfell Hall'),(425,2,'Memoirs of a Geisha'),(426,1,'Biloxi Blues'),(427,2,'Toe to Toe'),(428,3,'Reap the Wild Wind'),(429,1,'Blackwoods'),(430,1,'From Justin to Kelly'),(431,2,'Juwanna Mann'),(432,2,'Broken Sky (El cielo dividido)'),(433,3,'Sleeping Beauty'),(434,1,'Aspen Extreme'),(435,3,'Gregory\'s Girl'),(436,1,'Sharktopus vs. Pteracuda'),(437,2,'Look of Silence, The'),(438,3,'Command Performance'),(439,3,'Ape, The (Apan)'),(440,3,'Jonathan Rosenbaum, Present'),(441,2,'Next Stop Wonderland'),(442,2,'Eichmann'),(443,3,'Indie Game: The Movie'),(444,1,'Hot Saturday'),(445,2,'Emma'),(446,1,'Bitter Sweet'),(447,2,'Kronos (a.k.a. Captain Kronos: Vampire Hunter)'),(448,3,'Symphonie pastorale, La'),(449,1,'Our Family Wedding'),(450,2,'Clueless'),(451,2,'Closer to the Moon'),(452,3,'Stoned'),(453,2,'Great Caruso, The'),(454,3,'Cleanskin'),(455,2,'Cheshire Murders, The'),(456,2,'Giants and Toys (Kyojin to gangu)'),(457,3,'Little Romance, A'),(458,1,'Serpent and the Rainbow, The'),(459,3,'Killing of America, The'),(460,1,'Fanboys'),(461,1,'Hot to Trot'),(462,2,'Purgatory'),(463,2,'Dante\'s Inferno'),(464,3,'Ciao Manhattan (Ciao! Manhattan)'),(465,1,'Back to the Garden, Flower Power Comes Full Circle'),(466,1,'Graduate, The'),(467,3,'Not Another Happy Ending'),(468,3,'Bottom of the Sea, The (El fondo del mar)'),(469,2,'Wind Chill'),(470,2,'Benigni'),(471,2,'Dreams (Kvinnodrm)'),(472,1,'Peacemaker, The'),(473,1,'Il Capitano'),(474,1,'Yearling, The'),(475,1,'Stepmom'),(476,2,'RocketMan (a.k.a. Rocket Man)'),(477,2,'Clouds of Sils Maria'),(478,1,'Dog Day Afternoon'),(479,1,'Maximum Overdrive'),(480,2,'Words and Pictures'),(481,2,'Save Me'),(482,2,'And Soon the Darkness'),(483,1,'Vamps'),(484,3,'Love Exposure'),(485,2,'Manrape (Mn kan inte vldtas) '),(486,3,'U.S. vs. John Lennon, The'),(487,3,'Measuring the World (Die Vermessung der Welt)'),(488,1,'London Paris New York'),(489,3,'They Won\'t Forget'),(490,1,'Scoop'),(491,1,'San Francisco'),(492,3,'Dead Tired (Grosse Fatigue)'),(493,3,'Zombie High'),(494,1,'Stay Alive'),(495,3,'Clone (Womb)'),(496,3,'Ricky Gervais Live 4: Science'),(497,3,'China Lake Murders, The'),(498,1,'Miracle Run'),(499,3,'Once in the Life'),(500,2,'Curious George'),(501,3,'The Fat Albert Halloween Special'),(502,2,'Dish & the Spoon, The'),(503,3,'Shinobi No Mono 2: Vengeance (Zoku shinobi no mono)'),(504,3,'Erased (Expatriate, The)'),(505,1,'Trainspotting'),(506,3,'5 Broken Cameras'),(507,1,'Adonis Factor, The'),(508,2,'Slacker'),(509,1,'The Land Unknown'),(510,1,'Someone Like Him (Einer wie Bruno)'),(511,1,'Flowers in the Attic'),(512,3,'Hollywood Canteen'),(513,2,'Freeway II: Confessions of a Trickbaby'),(514,3,'V/H/S/2'),(515,1,'Train of Life (Train de vie)'),(516,2,'Novocaine'),(517,2,'Before Midnight'),(518,3,'Philomena'),(519,3,'Bill Burr: Let It Go'),(520,3,'Giant Spider Invasion, The'),(521,3,'Of Love and Shadows'),(522,3,'Inserts'),(523,1,'Two Rabbits (2 Coelhos)'),(524,1,'Orlando'),(525,2,'Winter Sleepers (Winterschlfer)'),(526,3,'Cherry Tree Lane'),(527,1,'The Death and Life of Bobby Z'),(528,2,'You Were Never Lovelier'),(529,3,'Henry'),(530,1,'Wonder Woman'),(531,3,'Rouva presidentti'),(532,3,'Stranger in Town, A'),(533,2,'Fierce People'),(534,2,'Aaltra'),(535,3,'Ernest Goes to Jail'),(536,2,'Autmata (Automata)'),(537,2,'Grace of My Heart'),(538,3,'Marihuana'),(539,1,'Mea Maxima Culpa: Silence in the House of God'),(540,2,'Sarraounia'),(541,2,'Kitchen Stories (Salmer fra kjkkenet)'),(542,3,'Isabelle au bois dormant'),(543,2,'Moon-Spinners, The'),(544,1,'Glimpse Inside the Mind of Charles Swan III, A'),(545,1,'Gumshoe'),(546,1,'In the House'),(547,3,'My Name Is Nobody (Il Mio nome  Nessuno)'),(548,2,'There Was a Father (Chichi ariki)'),(549,2,'Crusades, The'),(550,3,'The Stone Council'),(551,1,'Woman in the Moon (By Rocket to the Moon) (Frau im Mond)'),(552,3,'What\'s Eating Gilbert Grape'),(553,2,'Beauty and the Beast (Beauty and the Beasts: A Dark Tale)'),(554,3,'Hellraiser: Bloodline'),(555,1,'Felony'),(556,2,'Zero 2'),(557,3,'God Is Brazilian (Deus  Brasileiro)'),(558,2,'Glass Shield, The'),(559,3,'Chorus, The (Choristes, Les)'),(560,3,'An American Tail: The Treasure of Manhattan Island'),(561,3,'Blue and the Gray, The'),(562,2,'Stalingrad'),(563,2,'Beyond the Walls (Hors les murs)'),(564,2,'Riot in Cell Block 11'),(565,3,'Arena'),(566,3,'Nobody\'s Fool'),(567,1,'Sicko'),(568,2,'Running'),(569,3,'Trouble Every Day'),(570,1,'Fullmetal Alchemist: The Sacred Star of Milos'),(571,1,'We\'ll Never Have Paris'),(572,1,'Being Julia'),(573,3,'Dirty Harry'),(574,2,'Casanova\'s Big Night'),(575,2,'Elysium'),(576,2,'Shakespeare High'),(577,3,'Comin\' at Ya!'),(578,3,'Thin Red Line, The'),(579,1,'Little Traitor, The'),(580,3,'Daisy Miller'),(581,1,'Goodbye, 20th Century'),(582,2,'Shaolin Wooden Men (Shao Lin mu ren xiang)'),(583,3,'There\'s a Girl in My Soup'),(584,2,'Christmas Holiday'),(585,1,'Return of Martin Guerre, The (Retour de Martin Guerre, Le)'),(586,3,'Valley of the Dragons'),(587,1,'Ed'),(588,2,'Today You Die'),(589,2,'Ernest in the Army'),(590,1,'Original Kings of Comedy, The'),(591,2,'Swing'),(592,1,'Hollywood Knights, The'),(593,2,'Coal Miner\'s Daughter'),(594,1,'Arizona Raiders'),(595,3,'Deception'),(596,1,'Kira\'s Reason: A Love Story (En Krlighedshistorie)'),(597,1,'Diary of a Wimpy Kid: Rodrick Rules'),(598,1,'Storm Warning'),(599,2,'Chernobyl Diaries'),(600,2,'Mad Max Beyond Thunderdome'),(601,1,'Kevin Smith: Too Fat For 40'),(602,1,'Dream Demon'),(603,2,'Blackrock'),(604,3,'Horror of Dracula (Dracula)'),(605,1,'Connections'),(606,3,'Cop Out'),(607,1,'Valentin (Valentn)'),(608,1,'Brazil'),(609,3,'Kolberg'),(610,3,'Midnight Movies: From the Margin to the Mainstream'),(611,2,'War'),(612,2,'Korczak'),(613,3,'Ladybugs'),(614,3,'End of Suburbia: Oil Depletion and the Collapse of the American Dream'),(615,3,'24 City (Er shi si cheng ji)'),(616,3,'Murder by Numbers'),(617,1,'Tatie Danielle'),(618,1,'Bad Dreams'),(619,1,'Modigliani'),(620,1,'Jetsons: The Movie'),(621,2,'Remember Me'),(622,2,'God Is the Bigger Elvis'),(623,2,'Carrie'),(624,1,'Nights in Rodanthe'),(625,1,'Bluebeard (Barbe Bleue)'),(626,2,'Observe and Report'),(627,1,'Crime Wave'),(628,3,'Mon Oncle Antoine'),(629,3,'Warriors of Virtue'),(630,1,'Death Note 2: The Last Name'),(631,3,'OSS 117 - Lost in Rio (OSS 117: Rio ne rpond plus)'),(632,1,'Welcome to the Punch'),(633,1,'Scrooged'),(634,2,'Just Buried'),(635,3,'Ben X'),(636,3,'Othello'),(637,2,'Monsieur Hire'),(638,1,'Meatballs 4'),(639,2,'Regular Lovers (Amants rguliers, Les)'),(640,3,'Forrest Gump'),(641,2,'Crossfire'),(642,3,'Switchback'),(643,3,'The Widow From Chicago'),(644,1,'I Will Buy You (Anata kaimasu)'),(645,3,'Tao of Steve, The'),(646,3,'Snake Pit, The'),(647,2,'Beyond the Law (Beyond the Law - Blue)'),(648,2,'Envy (Kiskanmak)'),(649,3,'Black Moon Rising'),(650,2,'Measuring the World (Die Vermessung der Welt)'),(651,2,'Animal Crackers'),(652,3,'Trouble Bound'),(653,2,'Beast from 20,000 Fathoms, The'),(654,3,'Story of Science, The'),(655,3,'ChubbChubbs!, The'),(656,2,'Milwaukee, Minnesota'),(657,2,'Guyana Tragedy: The Story of Jim Jones'),(658,3,'International House'),(659,2,'Hell Is for Heroes'),(660,2,'Fanny'),(661,1,'SLC Punk!'),(662,1,'Love at First Fight'),(663,2,'Duplex'),(664,1,'Messenger, The (Ulak)'),(665,3,'He\'s Just Not That Into You'),(666,1,'Act in Question, The (Acto en cuestin, El)'),(667,3,'The Gamers: Hands of Fate'),(668,1,'Straight Talk'),(669,3,'Thumbsucker'),(670,3,'Totally F***ed Up'),(671,3,'Valentino'),(672,2,'Inspector General, The'),(673,1,'Scrooge'),(674,1,'Air Doll (Kki ningy)'),(675,3,'Batman and Robin'),(676,1,'Tillbaka till Bromma'),(677,2,'Texas Rangers'),(678,3,'Brotherhood'),(679,1,'Thrse: The Story of Saint Thrse of Lisieux'),(680,3,'Jack Frost'),(681,1,'Unloved, The'),(682,1,'Operacin Cannabis'),(683,1,'Triple Cross'),(684,1,'Scarface'),(685,1,'Auggie Rose (a.k.a. Beyond Suspicion)'),(686,2,'Letter to Momo, A (Momo e no tegami)'),(687,3,'Now Where Did the Seventh Company Get to? (Mais o est donc passe la 7me compagnie)'),(688,3,'Pathfinder (Ofelas)'),(689,2,'Generale Della Rovere, Il'),(690,2,'Cria! (Cra cuervos)'),(691,3,'The Golden Cage'),(692,1,'Mighty Joe Young'),(693,3,'Last Will of Dr. Mabuse, The (Testament du Dr. Mabuse, Le)'),(694,1,'Princess'),(695,2,'Film ist. 7-12'),(696,2,'Thomas Pynchon: A Journey into the Mind of P.'),(697,1,'Four Seasons (Seasons, The) (Vremena goda)'),(698,3,'Joker Is Wild, The (All the Way)'),(699,1,'Head Office'),(700,2,'Purple Noon (Plein soleil)'),(701,3,'Overnighters, The'),(702,2,'Bless the Child'),(703,1,'Mr. Turner'),(704,2,'Tender Trap, The'),(705,1,'Sundown'),(706,3,'Dragon Hunters (Chasseurs de dragons)'),(707,2,'Bride & Prejudice'),(708,3,'Arrow, The'),(709,3,'You Ain\'t Seen Nothin\' Yet (Vous n\'avez encore rien vu)'),(710,1,'Even Dwarfs Started Small (Auch Zwerge haben klein angefangen)'),(711,3,'Story of a Cheat, The (Roman d\'un tricheur, Le)'),(712,2,'Month by the Lake, A'),(713,2,'Dark Corner, The'),(714,1,'Eyes Without a Face (Yeux sans visage, Les)'),(715,1,'Elaine Stritch: Shoot Me'),(716,1,'Pusher'),(717,3,'Elizabethtown'),(718,1,'Barefoot Gen 2 (Hadashi no Gen II)'),(719,1,'G. I. Blues'),(720,1,'Moving Out'),(721,2,'My Giant'),(722,1,'Bird of Prey'),(723,3,'Casting Couch'),(724,1,'War of the Arrows (Choi-jong-byeong-gi Hwal)'),(725,1,'Nausica of the Valley of the Wind (Kaze no tani no Naushika)'),(726,2,'The Hunting Ground'),(727,3,'Gravity (Schwerkraft)'),(728,2,'Bangkok Dangerous'),(729,2,'White Shadow, The'),(730,1,'Blue Umbrella, The'),(731,1,'Cyborg'),(732,2,'TINY: A Story About Living Small'),(733,3,'Above the Law'),(734,3,'Kabluey'),(735,2,'Diary of a Lost Girl (Tagebuch einer Verlorenen)'),(736,2,'Mr. Troop Mom'),(737,2,'Let It Snow'),(738,1,'A Walk in the Woods'),(739,2,'Destiny (Al-massir)'),(740,3,'Tortilla Soup'),(741,2,'Finding North'),(742,2,'Heart Like a Wheel'),(743,3,'Castle of Cloads, The (Pilvilinna)'),(744,1,'The Wedding Ringer'),(745,3,'Daria: Is It College Yet?'),(746,2,'My Little Pony: Equestria Girls'),(747,1,'Speed & Angels'),(748,2,'Gray Lady Down'),(749,1,'GasLand'),(750,1,'Kaboom'),(751,3,'Flesh'),(752,2,'Hustle'),(753,1,'Insider, The'),(754,3,'Shout, The'),(755,2,'Telstar: The Joe Meek Story'),(756,3,'Paradise Lost: The Child Murders at Robin Hood Hills'),(757,1,'Lebanon, Pa.'),(758,3,'Parallels'),(759,1,'Land of Plenty (Angst and Alienation in America)'),(760,3,'Batman Returns'),(761,1,'Once Upon a Time in the Midlands'),(762,2,'Avanti!'),(763,1,'The Great Scout & Cathouse Thursday'),(764,2,'King Kong Lives'),(765,2,'Little Women'),(766,3,'Sweet Land'),(767,2,'Behind Blue Skies (Himlen r oskyldigt bl)'),(768,1,'Ranma : Big Trouble in Nekonron, China (Ranma : Chgoku Nekonron daikessen! Okite yaburi no gekit hen)'),(769,1,'Man Hunt'),(770,1,'29th Street'),(771,3,'Jumpin\' Jack Flash'),(772,1,'Evil (Ondskan)'),(773,3,'I\'ll Do Anything'),(774,1,'Smilla\'s Sense of Snow'),(775,3,'Murphy\'s Law'),(776,3,'Pahat pojat'),(777,2,'Inside The X-files'),(778,1,'Wooden Crosses (Les croix de bois)'),(779,3,'Cemetery Junction'),(780,2,'Das Experiment (Experiment, The)'),(781,3,'Charlie Brown Christmas, A'),(782,2,'Brighton Rock'),(783,3,'Man in the Wilderness'),(784,2,'So Proudly We Hail!'),(785,2,'Asfalto'),(786,2,'Steal This Film II'),(787,3,'Ride in the Whirlwind'),(788,1,'Shiri (Swiri)'),(789,3,'Behold a Pale Horse'),(790,2,'Uptown Saturday Night'),(791,3,'Slow Southern Steel'),(792,3,'Common Wealth (Comunidad, La)'),(793,1,'Shaggy Dog, The'),(794,3,'Salom'),(795,3,'Drunks'),(796,3,'Designing Woman'),(797,3,'Adios Carmen'),(798,3,'It Happened Here'),(799,3,'Perfect Human, The (Perfekte Menneske, Det)'),(800,1,'Headhunters (Hodejegerne)'),(801,1,'Clash of the Wolves'),(802,3,'Run of the Arrow'),(803,1,'Guncrazy'),(804,2,'Chiko'),(805,2,'Desperadoes, The'),(806,2,'Never Back Down'),(807,1,'Oklahoma!'),(808,2,'The Wait'),(809,3,'Finding Fela!'),(810,3,'President\'s Analyst, The'),(811,1,'Joke, The (Zert)'),(812,2,'The Hire: Powder Keg'),(813,3,'Frankenstein Must Be Destroyed'),(814,2,'Train'),(815,3,'Informant'),(816,1,'Trauma'),(817,3,'Election Day'),(818,1,'Dave'),(819,1,'To Get to Heaven First You Have to Die (Bihisht faqat baroi murdagon)'),(820,3,'Fiend Without a Face'),(821,3,'She\'s the One'),(822,3,'Out of Bounds'),(823,1,'Defender, The'),(824,2,'Zaat'),(825,2,'Eyjafjallajkull'),(826,2,'Mummies: Secrets of the Pharaohs (a.k.a. Mummies 3D)'),(827,3,'Conspiracy of Torture, The (Beatrice Cenci)'),(828,3,'Ben-Hur: A Tale of the Christ'),(829,2,'Good Morning, Miss Dove'),(830,2,'Christmas in Conway'),(831,1,'Alien Nation: The Udara Legacy'),(832,2,'Thin Red Line, The'),(833,2,'Hamlet Goes Business (Hamlet liikemaailmassa)'),(834,3,'Slingshot, The (Kdisbellan)'),(835,2,'Blues Brothers 2000'),(836,3,'Allegro non troppo'),(837,1,'Time Code'),(838,3,'All the Way Home'),(839,3,'Throw Down (Yau doh lung fu bong)'),(840,2,'Egyptian, The'),(841,1,'Light of Day'),(842,3,'Fantasma'),(843,3,'White Wedding (Noce blanche)'),(844,3,'Anna'),(845,1,'Hercules and the Circle of Fire'),(846,2,'Mala Noche'),(847,2,'Europa Europa (Hitlerjunge Salomon)'),(848,2,'Itinerary of a Spoiled Child'),(849,1,'Canal, The'),(850,1,'Origin: Spirits of the Past (Gin-iro no kami no Agito)'),(851,1,'Frozen'),(852,1,'Shooter, The'),(853,1,'Case Against 8, The'),(854,1,'Child\'s Pose'),(855,1,'Wishing Stairs (Yeogo goedam 3: Yeowoo gyedan)'),(856,3,'Invisible Man Returns, The'),(857,2,'Spirited Away (Sen to Chihiro no kamikakushi)'),(858,3,'Bob & Carol & Ted & Alice'),(859,1,'Crew, The'),(860,3,'Conflagration (Enj)'),(861,3,'Road, Movie'),(862,3,'Princess Yang Kwei Fei (Ykihi)'),(863,2,'Bunker, The'),(864,1,'Quest'),(865,1,'Pleasure of Being Robbed, The'),(866,2,'Camp Hell'),(867,2,'Friday After Next'),(868,3,'Sherlock Holmes Faces Death'),(869,1,'Longford'),(870,1,'Answer This!'),(871,2,'Motel, The'),(872,3,'Running Scared'),(873,3,'In Like Flint'),(874,3,'Lesser Blessed, The'),(875,3,'We Are Legion: The Story of the Hacktivists'),(876,2,'Shadows and Fog'),(877,1,'Affliction'),(878,3,'Parade'),(879,2,'Project Grizzly'),(880,3,'Fuck'),(881,3,'Piranha'),(882,2,'Bad Milo (Bad Milo!)'),(883,1,'Short Film About John Bolton, A'),(884,1,'Best Men'),(885,1,'2001 Maniacs'),(886,1,'Mrs. Winterbourne'),(887,1,'Passage to India, A'),(888,1,'Bow, The (Hwal)'),(889,3,'The Missing Piece: Mona Lisa, Her Thief, the True Story'),(890,1,'Starsuckers'),(891,1,'Laurence Anyways'),(892,3,'Hounds, The'),(893,2,'Goebbels Experiment, The (Das Goebbels Experiment)'),(894,2,'Emperor Waltz, The'),(895,3,'Sleepless Night (Nuit blanche)'),(896,1,'What If'),(897,3,'Saint Ralph'),(898,2,'Grace Is Gone'),(899,3,'The Oscar'),(900,2,'I\'ll Never Forget What\'s\'isname'),(901,1,'Deliverance'),(902,2,'Deathstalker'),(903,2,'Survival of the Dead'),(904,3,'Tsotsi'),(905,3,'36 Quai des Orfvres (Department 36)'),(906,2,'Trailer Park Jesus'),(907,1,'Bank Error in Your Favour (Erreur de la banque en votre faveur)'),(908,3,'The Well-Digger\'s Daughter'),(909,3,'A Gathering of Eagles'),(910,2,'Batman Begins'),(911,2,'The Hearse'),(912,2,'Spanking the Monkey'),(913,2,'Song Remains the Same, The'),(914,3,'The Dark Valley'),(915,1,'Love Letter, The'),(916,1,'Beautiful Mind, A'),(917,2,'Just Go with It'),(918,3,'Time for Killing, A'),(919,1,'Beauty and the Beast (Belle et la bte, La)'),(920,1,'Sex Drive'),(921,2,'Toy, The'),(922,3,'Holy Man, The (Mahapurush)'),(923,1,'Grouse'),(924,2,'Pirates of the Caribbean: On Stranger Tides'),(925,3,'Scandal (Shubun)'),(926,2,'Satan\'s Sword 3: The Final Chapter (Daibosatsu toge: Kanketsu-hen)'),(927,1,'Sadie Thompson'),(928,1,'Night Train'),(929,2,'Himalaya (Himalaya - l\'enfance d\'un chef)'),(930,1,'I Walked with a Zombie'),(931,2,'What Price Hollywood?'),(932,3,'Circle of Friends'),(933,3,'Egg and I, The'),(934,1,'Casanova\'s Big Night'),(935,1,'Before Sunset'),(936,3,'Zero Kelvin (Kjrlighetens kjtere)'),(937,3,'8 (8, the Play)'),(938,3,'Win a Date with Tad Hamilton!'),(939,2,'Tennessee'),(940,3,'Perils of Gwendoline in the Land of the Yik Yak, The'),(941,1,'George Carlin: It\'s Bad for Ya!'),(942,3,'Hunting and Gathering (Ensemble, c\'est tout)'),(943,1,'Man of the Year'),(944,3,'Pier, The (Jete, La)'),(945,3,'Dirty Dingus Magee'),(946,2,'Odd Couple, The'),(947,2,'Mrs. Henderson Presents'),(948,3,'Whitey: United States of America v. James J. Bulger'),(949,2,'Spy Kids'),(950,1,'Slaughter Rule, The'),(951,3,'Fearful Symmetry: The Making of \'To Kill a Mockingbird\''),(952,1,'Please Vote for Me'),(953,3,'Black & White & Sex'),(954,1,'Beauty and the Beast (Belle et la bte, La)'),(955,1,'Jerry and Tom'),(956,3,'Being Cyrus'),(957,3,'6 Souls (Shelter)'),(958,2,'Witness for the Prosecution'),(959,3,'Set It Off'),(960,3,'Signos del zodiaco, Los'),(961,1,'Alpha and Omega 2: A Howl-iday Adventure (Alpha & Omega 2)'),(962,2,'Bad Moon'),(963,3,'Mayor of the Sunset Strip'),(964,3,'Five Days One Summer'),(965,1,'Water Lilies (Naissance des pieuvres)'),(966,2,'Instructions Not Included (No se Aceptan Devoluciones)'),(967,3,'The Lunchbox'),(968,2,'Return of Dracula, The'),(969,1,'Last of Robin Hood, The'),(970,3,'The Righteous Thief'),(971,2,'Ethan Frome'),(972,1,'Fugitives (Fugitivas)'),(973,1,'Esther Kahn'),(974,2,'Dark Tide'),(975,3,'Sons of Perdition'),(976,3,'Murk (Mrke)'),(977,1,'Slasher'),(978,3,'World on a Wire (Welt am Draht)'),(979,1,'Gimme the Loot'),(980,1,'Bliss'),(981,1,'Down and Out in Beverly Hills'),(982,1,'Legend of the Eight Samurai (Satomi hakken-den)'),(983,1,'Cypher'),(984,1,'The Do-Deca-Pentathlon'),(985,3,'English Patient, The'),(986,1,'Knack ...and How to Get It, The'),(987,1,'Plough and the Stars, The'),(988,2,'What the Day Owes the Night'),(989,2,'Grand Amour, Le'),(990,2,'Charlie Chan in Reno'),(991,3,'Entre nos (Between Us)'),(992,2,'Incident at Blood Pass (Machibuse) (Ambush)'),(993,2,'Jungle Book of Regulations, A (Nie Ma Rozy Bez Ognia)'),(994,1,'Showrunners: The Art of Running a TV Show'),(995,2,'Early Summer (Bakush)'),(996,2,'The Diary of an Unknown Soldier'),(997,1,'Little Brother, Big Trouble: A Christmas Adventure (Niko 2: Lentjveljekset)'),(998,1,'Algiers'),(999,1,'Burning Blue'),(1000,2,'FairyTale: A True Story');
/*!40000 ALTER TABLE `genericresource` ENABLE KEYS */;
UNLOCK TABLES;

--
-- Table structure for table `genericresource_author`
--

DROP TABLE IF EXISTS `genericresource_author`;
/*!40101 SET @saved_cs_client     = @@character_set_client */;
/*!40101 SET character_set_client = utf8 */;
CREATE TABLE `genericresource_author` (
  `id` int(11) NOT NULL AUTO_INCREMENT,
  `generic_resource_id` int(11) NOT NULL,
  `author_id` int(11) NOT NULL,
  PRIMARY KEY (`id`),
  KEY `generic_resource_id` (`generic_resource_id`),
  KEY `author_id` (`author_id`),
  CONSTRAINT `genericresource_author_ibfk_1` FOREIGN KEY (`generic_resource_id`) REFERENCES `genericresource` (`id`),
  CONSTRAINT `genericresource_author_ibfk_2` FOREIGN KEY (`author_id`) REFERENCES `author` (`id`)
) ENGINE=InnoDB AUTO_INCREMENT=501 DEFAULT CHARSET=latin1;
/*!40101 SET character_set_client = @saved_cs_client */;

--
-- Dumping data for table `genericresource_author`
--

LOCK TABLES `genericresource_author` WRITE;
/*!40000 ALTER TABLE `genericresource_author` DISABLE KEYS */;
INSERT INTO `genericresource_author` VALUES (1,1,1),(2,2,2),(3,3,3),(4,4,4),(5,5,5),(6,6,6),(7,7,7),(8,8,8),(9,9,9),(10,10,10),(11,11,11),(12,12,12),(13,13,13),(14,14,14),(15,15,15),(16,16,16),(17,17,17),(18,18,18),(19,19,19),(20,20,20),(21,21,21),(22,22,22),(23,23,23),(24,24,24),(25,25,25),(26,26,26),(27,27,27),(28,28,28),(29,29,29),(30,30,30),(31,31,31),(32,32,32),(33,33,33),(34,34,34),(35,35,35),(36,36,36),(37,37,37),(38,38,38),(39,39,39),(40,40,40),(41,41,41),(42,42,42),(43,43,43),(44,44,44),(45,45,45),(46,46,46),(47,47,47),(48,48,48),(49,49,49),(50,50,50),(51,51,51),(52,52,52),(53,53,53),(54,54,54),(55,55,55),(56,56,56),(57,57,57),(58,58,58),(59,59,59),(60,60,60),(61,61,61),(62,62,62),(63,63,63),(64,64,64),(65,65,65),(66,66,66),(67,67,67),(68,68,68),(69,69,69),(70,70,70),(71,71,71),(72,72,72),(73,73,73),(74,74,74),(75,75,75),(76,76,76),(77,77,77),(78,78,78),(79,79,79),(80,80,80),(81,81,81),(82,82,82),(83,83,83),(84,84,84),(85,85,85),(86,86,86),(87,87,87),(88,88,88),(89,89,89),(90,90,90),(91,91,91),(92,92,92),(93,93,93),(94,94,94),(95,95,95),(96,96,96),(97,97,97),(98,98,98),(99,99,99),(100,100,100),(101,101,101),(102,102,102),(103,103,103),(104,104,104),(105,105,105),(106,106,106),(107,107,107),(108,108,108),(109,109,109),(110,110,110),(111,111,111),(112,112,112),(113,113,113),(114,114,114),(115,115,115),(116,116,116),(117,117,117),(118,118,118),(119,119,119),(120,120,120),(121,121,121),(122,122,122),(123,123,123),(124,124,124),(125,125,125),(126,126,126),(127,127,127),(128,128,128),(129,129,129),(130,130,130),(131,131,131),(132,132,132),(133,133,133),(134,134,134),(135,135,135),(136,136,136),(137,137,137),(138,138,138),(139,139,139),(140,140,140),(141,141,141),(142,142,142),(143,143,143),(144,144,144),(145,145,145),(146,146,146),(147,147,147),(148,148,148),(149,149,149),(150,150,150),(151,151,151),(152,152,152),(153,153,153),(154,154,154),(155,155,155),(156,156,156),(157,157,157),(158,158,158),(159,159,159),(160,160,160),(161,161,161),(162,162,162),(163,163,163),(164,164,164),(165,165,165),(166,166,166),(167,167,167),(168,168,168),(169,169,169),(170,170,170),(171,171,171),(172,172,172),(173,173,173),(174,174,174),(175,175,175),(176,176,176),(177,177,177),(178,178,178),(179,179,179),(180,180,180),(181,181,181),(182,182,182),(183,183,183),(184,184,184),(185,185,185),(186,186,186),(187,187,187),(188,188,188),(189,189,189),(190,190,190),(191,191,191),(192,192,192),(193,193,193),(194,194,194),(195,195,195),(196,196,196),(197,197,197),(198,198,198),(199,199,199),(200,200,200),(201,201,201),(202,202,202),(203,203,203),(204,204,204),(205,205,205),(206,206,206),(207,207,207),(208,208,208),(209,209,209),(210,210,210),(211,211,211),(212,212,212),(213,213,213),(214,214,214),(215,215,215),(216,216,216),(217,217,217),(218,218,218),(219,219,219),(220,220,220),(221,221,221),(222,222,222),(223,223,223),(224,224,224),(225,225,225),(226,226,226),(227,227,227),(228,228,228),(229,229,229),(230,230,230),(231,231,231),(232,232,232),(233,233,233),(234,234,234),(235,235,235),(236,236,236),(237,237,237),(238,238,238),(239,239,239),(240,240,240),(241,241,241),(242,242,242),(243,243,243),(244,244,244),(245,245,245),(246,246,246),(247,247,247),(248,248,248),(249,249,249),(250,250,250),(251,251,251),(252,252,252),(253,253,253),(254,254,254),(255,255,255),(256,256,256),(257,257,257),(258,258,258),(259,259,259),(260,260,260),(261,261,261),(262,262,262),(263,263,263),(264,264,264),(265,265,265),(266,266,266),(267,267,267),(268,268,268),(269,269,269),(270,270,270),(271,271,271),(272,272,272),(273,273,273),(274,274,274),(275,275,275),(276,276,276),(277,277,277),(278,278,278),(279,279,279),(280,280,280),(281,281,281),(282,282,282),(283,283,283),(284,284,284),(285,285,285),(286,286,286),(287,287,287),(288,288,288),(289,289,289),(290,290,290),(291,291,291),(292,292,292),(293,293,293),(294,294,294),(295,295,295),(296,296,296),(297,297,297),(298,298,298),(299,299,299),(300,300,300),(301,301,301),(302,302,302),(303,303,303),(304,304,304),(305,305,305),(306,306,306),(307,307,307),(308,308,308),(309,309,309),(310,310,310),(311,311,311),(312,312,312),(313,313,313),(314,314,314),(315,315,315),(316,316,316),(317,317,317),(318,318,318),(319,319,319),(320,320,320),(321,321,321),(322,322,322),(323,323,323),(324,324,324),(325,325,325),(326,326,326),(327,327,327),(328,328,328),(329,329,329),(330,330,330),(331,331,331),(332,332,332),(333,333,333),(334,334,334),(335,335,335),(336,336,336),(337,337,337),(338,338,338),(339,339,339),(340,340,340),(341,341,341),(342,342,342),(343,343,343),(344,344,344),(345,345,345),(346,346,346),(347,347,347),(348,348,348),(349,349,349),(350,350,350),(351,351,351),(352,352,352),(353,353,353),(354,354,354),(355,355,355),(356,356,356),(357,357,357),(358,358,358),(359,359,359),(360,360,360),(361,361,361),(362,362,362),(363,363,363),(364,364,364),(365,365,365),(366,366,366),(367,367,367),(368,368,368),(369,369,369),(370,370,370),(371,371,371),(372,372,372),(373,373,373),(374,374,374),(375,375,375),(376,376,376),(377,377,377),(378,378,378),(379,379,379),(380,380,380),(381,381,381),(382,382,382),(383,383,383),(384,384,384),(385,385,385),(386,386,386),(387,387,387),(388,388,388),(389,389,389),(390,390,390),(391,391,391),(392,392,392),(393,393,393),(394,394,394),(395,395,395),(396,396,396),(397,397,397),(398,398,398),(399,399,399),(400,400,400),(401,401,401),(402,402,402),(403,403,403),(404,404,404),(405,405,405),(406,406,406),(407,407,407),(408,408,408),(409,409,409),(410,410,410),(411,411,411),(412,412,412),(413,413,413),(414,414,414),(415,415,415),(416,416,416),(417,417,417),(418,418,418),(419,419,419),(420,420,420),(421,421,421),(422,422,422),(423,423,423),(424,424,424),(425,425,425),(426,426,426),(427,427,427),(428,428,428),(429,429,429),(430,430,430),(431,431,431),(432,432,432),(433,433,433),(434,434,434),(435,435,435),(436,436,436),(437,437,437),(438,438,438),(439,439,439),(440,440,440),(441,441,441),(442,442,442),(443,443,443),(444,444,444),(445,445,445),(446,446,446),(447,447,447),(448,448,448),(449,449,449),(450,450,450),(451,451,451),(452,452,452),(453,453,453),(454,454,454),(455,455,455),(456,456,456),(457,457,457),(458,458,458),(459,459,459),(460,460,460),(461,461,461),(462,462,462),(463,463,463),(464,464,464),(465,465,465),(466,466,466),(467,467,467),(468,468,468),(469,469,469),(470,470,470),(471,471,471),(472,472,472),(473,473,473),(474,474,474),(475,475,475),(476,476,476),(477,477,477),(478,478,478),(479,479,479),(480,480,480),(481,481,481),(482,482,482),(483,483,483),(484,484,484),(485,485,485),(486,486,486),(487,487,487),(488,488,488),(489,489,489),(490,490,490),(491,491,491),(492,492,492),(493,493,493),(494,494,494),(495,495,495),(496,496,496),(497,497,497),(498,498,498),(499,499,499),(500,500,500);
/*!40000 ALTER TABLE `genericresource_author` ENABLE KEYS */;
UNLOCK TABLES;

--
-- Table structure for table `genericresourcehold`
--

DROP TABLE IF EXISTS `genericresourcehold`;
/*!40101 SET @saved_cs_client     = @@character_set_client */;
/*!40101 SET character_set_client = utf8 */;
CREATE TABLE `genericresourcehold` (
  `id` int(11) NOT NULL AUTO_INCREMENT,
  `generic_resource_id` int(11) NOT NULL,
  `resource_reservation_date` datetime NOT NULL,
  PRIMARY KEY (`id`),
  KEY `generic_resource_id` (`generic_resource_id`),
  CONSTRAINT `genericresourcehold_ibfk_1` FOREIGN KEY (`generic_resource_id`) REFERENCES `genericresource` (`id`)
) ENGINE=InnoDB DEFAULT CHARSET=latin1;
/*!40101 SET character_set_client = @saved_cs_client */;

--
-- Dumping data for table `genericresourcehold`
--

LOCK TABLES `genericresourcehold` WRITE;
/*!40000 ALTER TABLE `genericresourcehold` DISABLE KEYS */;
/*!40000 ALTER TABLE `genericresourcehold` ENABLE KEYS */;
UNLOCK TABLES;

--
-- Table structure for table `institution`
--

DROP TABLE IF EXISTS `institution`;
/*!40101 SET @saved_cs_client     = @@character_set_client */;
/*!40101 SET character_set_client = utf8 */;
CREATE TABLE `institution` (
  `id` int(11) NOT NULL AUTO_INCREMENT,
  `institution_name` varchar(255) DEFAULT NULL,
  PRIMARY KEY (`id`),
  KEY `institution_name` (`institution_name`)
) ENGINE=InnoDB AUTO_INCREMENT=11 DEFAULT CHARSET=latin1;
/*!40101 SET character_set_client = @saved_cs_client */;

--
-- Dumping data for table `institution`
--

LOCK TABLES `institution` WRITE;
/*!40000 ALTER TABLE `institution` DISABLE KEYS */;
INSERT INTO `institution` VALUES (7,'Cassin-Schaefer'),(1,'Collier Inc'),(5,'Connelly Group'),(2,'Doyle LLC'),(9,'Ferry Inc'),(3,'Harvey-Luettgen'),(4,'McDermott, Braun and Kerluke'),(10,'Mitchell-Lesch'),(8,'Schuster, Bartell and Gleichner'),(6,'Stark-Stehr');
/*!40000 ALTER TABLE `institution` ENABLE KEYS */;
UNLOCK TABLES;

--
-- Table structure for table `lease`
--

DROP TABLE IF EXISTS `lease`;
/*!40101 SET @saved_cs_client     = @@character_set_client */;
/*!40101 SET character_set_client = utf8 */;
CREATE TABLE `lease` (
  `id` int(11) NOT NULL AUTO_INCREMENT,
  `account_id` int(11) NOT NULL,
  `librarian_id` int(11) NOT NULL,
  `resource_instance_id` varchar(17) NOT NULL,
  `lease_start` date NOT NULL,
  `lease_end` date DEFAULT NULL,
  `lease_duration` varchar(10) NOT NULL,
  PRIMARY KEY (`id`),
  KEY `account_id` (`account_id`),
  KEY `librarian_id` (`librarian_id`),
  KEY `resource_instance_id` (`resource_instance_id`),
  CONSTRAINT `lease_ibfk_1` FOREIGN KEY (`account_id`) REFERENCES `account` (`id`),
  CONSTRAINT `lease_ibfk_2` FOREIGN KEY (`librarian_id`) REFERENCES `librarian` (`account_id`),
  CONSTRAINT `lease_ibfk_3` FOREIGN KEY (`resource_instance_id`) REFERENCES `resourceinstance` (`resource_code`)
) ENGINE=InnoDB AUTO_INCREMENT=804 DEFAULT CHARSET=latin1;
/*!40101 SET character_set_client = @saved_cs_client */;

--
-- Dumping data for table `lease`
--

LOCK TABLES `lease` WRITE;
/*!40000 ALTER TABLE `lease` DISABLE KEYS */;
INSERT INTO `lease` VALUES (1,937,4,'WAUDFAFLXFN259272','2021-11-15','2021-12-02','1209600'),(2,842,2,'WBABS53443J141583','2021-11-06','2021-12-06','1814400'),(3,278,2,'3N1AB7AP8FY811484','2021-11-09','2021-12-23','1814400'),(4,860,3,'3N1BC1CPXCK012297','2021-11-09','2022-01-03','1814400'),(5,479,2,'5XYZG3AB3BG608399','2021-11-16','2021-12-25','1209600'),(6,607,3,'WAULFAFH8DN010733','2021-11-09','2021-12-06','2629743'),(7,380,1,'WBSDE93452C274472','2021-11-04','2021-12-03','1209600'),(8,117,3,'55SWF4JB4FU641404','2021-11-19',NULL,'1814400'),(9,799,1,'3N1CN7AP2DL965697','2021-11-07','2021-12-07','1814400'),(10,756,1,'WBAVB13576P346170','2021-11-30','2021-12-20','1814400'),(11,317,1,'5UXFH0C55AL720905','2021-11-24',NULL,'1814400'),(12,320,2,'2G61L5S3XE9546160','2021-11-12','2021-12-01','1814400'),(13,334,2,'SCFAD06D69G763505','2021-11-02','2021-12-16','1209600'),(14,79,2,'3N6CM0KN2FK945105','2021-11-10','2021-12-26','1814400'),(15,992,3,'YV1612FHXD1811198','2021-11-05','2021-12-26','2629743'),(16,11,4,'19XFB4F36EE850484','2021-11-04','2021-12-12','1209600'),(17,553,3,'WAUPFAFM0AA708089','2021-11-01','2021-12-17','1209600'),(18,462,4,'3D4PG3FG7BT555455','2021-11-17','2021-12-12','1814400'),(19,508,2,'3A4GY5F90AT366856','2021-11-07','2021-12-01','2629743'),(20,986,3,'WBA3X5C52FD290589','2021-11-13','2021-12-31','2629743'),(21,725,2,'1C4NJPBA2DD718245','2021-11-14','2021-12-29','1209600'),(22,749,1,'WAULT68E42A893923','2021-11-02','2021-12-03','1209600'),(23,123,2,'KMHCT4AE4DU856918','2021-11-10','2021-12-22','2629743'),(24,346,1,'3N6CM0KNXDK193554','2021-11-21','2021-12-10','1209600'),(25,1,3,'WVWGU9AN8BE641453','2021-11-01','2021-12-15','1814400'),(26,483,4,'1C6RD7LP6CS804672','2021-11-26','2021-12-16','2629743'),(27,900,2,'3VW1K7AJ4DM145878','2021-11-22','2021-12-25','1814400'),(28,351,4,'3VW467AT2DM759962','2021-11-16','2021-12-08','2629743'),(29,171,2,'3VW467AT8CM648508','2021-11-02','2021-12-21','2629743'),(30,17,4,'3VW467AT8DM283071','2021-11-15','2021-12-19','1209600'),(31,81,1,'JN1CV6FEXBM405687','2021-11-14','2021-12-12','1814400'),(32,107,3,'3VW4A7AT3DM309591','2021-11-18','2021-12-13','2629743'),(33,367,4,'WBA3R5C50EF410323','2021-11-03','2021-12-17','2629743'),(34,553,2,'1D7CW3BK1AS636627','2021-11-01','2021-12-20','2629743'),(35,80,1,'1B3CC4FB8AN547656','2021-11-03','2021-12-13','1209600'),(36,18,4,'1GTN1UEH5FZ271519','2021-11-27','2022-01-03','2629743'),(37,439,1,'3VW4A7AT6DM191987','2021-11-24','2021-12-05','2629743'),(38,812,1,'3VW4A7AT9DM548871','2021-11-10','2021-12-14','1209600'),(39,835,2,'3VW4S7ATXEM783522','2021-11-01','2021-12-15','1209600'),(40,733,3,'WAUKFAFL9DA137241','2021-11-18','2021-12-08','2629743'),(41,501,1,'TRUDD38J481071105','2021-11-28','2021-12-14','1209600'),(42,826,2,'3VW507AT1FM196900','2021-11-27','2021-12-03','1814400'),(43,665,2,'WAUBFAFL7DA966020','2021-11-05','2021-12-01','1209600'),(44,455,2,'3VWF17AT6FM819087','2021-11-02','2021-12-16','1209600'),(45,315,3,'1FA6P0G79F5444987','2021-11-04','2021-12-20','1814400'),(46,248,1,'JH4KA96662C594194','2021-11-28','2021-12-29','1209600'),(47,196,2,'WBALZ3C5XCD472812','2021-11-30','2021-12-11','1814400'),(48,952,1,'3VWKX7AJ1AM424559','2021-11-22','2021-12-14','1209600'),(49,679,3,'WAUAT48HX5K112827','2021-11-20','2021-12-05','1209600'),(50,615,1,'3VWML7AJ7EM474599','2021-11-21','2021-12-05','2629743'),(51,759,1,'1GYS3KEF6DR248077','2021-11-19','2021-12-15','2629743'),(52,989,1,'3GYFNBE35ES915625','2021-11-28','2021-12-06','1814400'),(53,356,3,'3VWML7AJ9EM285422','2021-11-16','2021-12-01','1814400'),(54,198,4,'3D7TP2CT0BG661235','2021-11-08','2021-12-20','2629743'),(55,437,2,'WA1LKAFPXAA316092','2021-11-13','2021-12-19','2629743'),(56,300,4,'TRUTC28NX41939758','2021-11-28','2022-01-02','2629743'),(57,925,2,'3N1AB6AP8CL006829','2021-11-09','2021-12-08','2629743'),(58,438,1,'WAUSH78E08A645972','2021-11-02','2021-12-28','1814400'),(59,310,1,'1G6DP57V680106687','2021-11-10','2022-01-02','1814400'),(60,487,4,'1G6DH8E5XC0428257','2021-11-18','2021-12-28','2629743'),(61,505,3,'KL4CJDSB6EB011980','2021-11-12','2021-12-10','2629743'),(62,528,2,'WBANA53505B799617','2021-11-27','2021-12-12','1814400'),(63,532,4,'1FTEX1CM3DK538530','2021-11-28','2021-12-20','1814400'),(64,305,1,'4A31K2DF0BE006733','2021-11-18','2021-12-20','1209600'),(65,664,4,'WVWGD7AJ0EW483755','2021-11-19','2021-12-20','2629743'),(66,318,1,'1VWAH7A30CC065882','2021-11-21','2021-12-31','1814400'),(67,648,2,'1GYS4EEJ7CR128595','2021-11-04','2021-12-06','1814400'),(68,586,3,'4A31K3DT8AE423382','2021-11-14','2021-12-25','1814400'),(69,262,4,'4F2CY0C71AK602636','2021-11-14','2021-12-10','2629743'),(70,589,1,'4F2CY0C71AK663906','2021-11-14','2021-12-25','1209600'),(71,936,3,'1G6DV8EP6D0780280','2021-11-05','2022-01-03','1209600'),(72,950,3,'JN8AS5MT6FW815264','2021-11-25','2021-12-17','2629743'),(73,658,3,'1FTNF2B56AE723572','2021-11-10','2021-12-04','1209600'),(74,643,3,'2C4RDGDG2FR780898','2021-11-10','2021-12-03','1209600'),(75,170,1,'4F2CY0C73AK138054','2021-11-08','2021-12-15','1209600'),(76,715,1,'4F2CY0C77BK828942','2021-11-13','2021-12-26','1209600'),(77,731,1,'1FTSW2A59AE527548','2021-11-01','2021-12-10','1209600'),(78,609,3,'SCBBP9ZAXCC920681','2021-11-11','2021-12-30','1209600'),(79,492,4,'4JGCB2FE9BA788405','2021-11-10','2021-12-31','1814400'),(80,279,4,'2FMDK4AC2AB756398','2021-11-26','2021-12-12','1209600'),(81,396,4,'4JGDA0EB1FA535801','2021-11-18',NULL,'1814400'),(82,892,3,'1FTSW3B55AE031196','2021-11-11','2021-12-31','2629743'),(83,725,4,'4T1BD1EB3DU921023','2021-11-02','2021-12-03','1814400'),(84,25,1,'JH4CL95917C450053','2021-11-06','2021-12-13','2629743'),(85,630,1,'4T1BD1EB8EU419951','2021-11-14','2021-12-24','2629743'),(86,941,1,'JTDKDTB33D1233960','2021-11-05',NULL,'2629743'),(87,774,1,'5GAKRBED4CJ245583','2021-11-14','2021-12-01','1209600'),(88,774,3,'4T1BD1FK5CU454863','2021-11-08','2021-12-18','1814400'),(89,670,3,'1FTEX1EW7AK369395','2021-11-18','2021-12-18','1814400'),(90,762,4,'4T1BD1FK5CU454863','2021-11-02','2021-12-19','2629743'),(91,220,3,'2G61V5S88F9568889','2021-11-14','2021-12-31','1209600'),(92,616,4,'1G4GD5ER6CF860778','2021-11-24','2021-12-05','1209600'),(93,746,3,'1G4GE5G3XEF492291','2021-11-13','2021-12-05','2629743'),(94,266,4,'JM1GJ1T65E1996978','2021-11-01','2021-12-17','1209600'),(95,880,3,'SCBBB7ZH6DC215426','2021-11-12','2021-12-13','1814400'),(96,318,3,'5N1AN0NU2CN146081','2021-11-07','2021-12-01','2629743'),(97,772,3,'4T1BD1FK5CU454861','2021-11-21','2021-12-16','1814400'),(98,663,4,'1G4HC5EM7AU278600','2021-11-28','2022-01-04','1209600'),(99,804,3,'4T1BF1FK0DU611937','2021-11-03','2021-12-23','1209600'),(100,233,2,'JN1CV6FE0AM479277','2021-11-11','2021-12-18','1209600'),(101,129,3,'WBAPM73559A540810','2021-11-15','2021-12-16','2629743'),(102,675,3,'4USDU53487L050729','2021-11-25','2022-01-02','2629743'),(103,410,1,'WAUKF68E15A342131','2021-11-29','2022-01-04','1209600'),(104,909,1,'4F2CY0C71AK602636','2021-11-24','2021-12-22','1814400'),(105,32,3,'4T3BA3BB1BU268673','2021-11-30','2021-12-24','2629743'),(106,5,3,'1G4HR54KX34137117','2021-11-25','2021-12-21','1209600'),(107,147,2,'1G6DJ577X80256899','2021-11-30','2021-12-02','1209600'),(108,182,1,'1G4HR57Y98U354276','2021-11-13','2021-12-27','1814400'),(109,908,1,'4T1BF1FK1CU094131','2021-11-22','2021-12-16','2629743'),(110,465,1,'WAURVAFA0AN679882','2021-11-01','2021-12-21','1814400'),(111,282,1,'4T1BF1FK4EU688991','2021-11-06','2021-12-06','1209600'),(112,149,3,'WBANU53518B452812','2021-11-23','2021-12-15','1209600'),(113,328,2,'1G6KY54982U015500','2021-11-03','2022-01-04','1814400'),(114,455,3,'1HGCR2E53FA088985','2021-11-26','2021-12-18','1209600'),(115,938,3,'WBAYB6C50DC013940','2021-11-16','2021-12-09','1209600'),(116,929,4,'1GKS1HE09ER361411','2021-11-30','2021-12-04','1814400'),(117,711,1,'5N1AR1NB5CC592777','2021-11-27','2021-12-06','1814400'),(118,109,3,'4T1BF3EK9AU662104','2021-11-26','2021-12-17','1209600'),(119,439,4,'1G6AL5SX6D0328275','2021-11-03','2022-01-02','1209600'),(120,158,4,'4T3BA3BB2EU870504','2021-11-16','2021-12-07','2629743'),(121,425,3,'55SWF4JB4FU641404','2021-11-20','2021-12-23','1209600'),(122,799,1,'5NPET4AC1AH053761','2021-11-01','2021-12-20','1209600'),(123,750,1,'1GYFK63857R396550','2021-11-30','2021-12-09','1209600'),(124,296,4,'SCFAB05D39G533279','2021-11-27','2021-12-23','1209600'),(125,86,2,'1G6DD8E35E0480893','2021-11-29','2022-01-03','1209600'),(126,643,2,'1N6AD0CU1EN684281','2021-11-02','2022-01-02','2629743'),(127,888,2,'1G4HP52K434618909','2021-11-13','2021-12-19','1209600'),(128,739,4,'5FNYF3H23AB006421','2021-11-20','2021-12-15','1814400'),(129,138,1,'1G6AT5S30E0944746','2021-11-30',NULL,'1814400'),(130,296,2,'5TDDCRFH3FS705004','2021-11-16','2021-12-29','1814400'),(131,929,1,'2G4GZ5GVXB9396364','2021-11-19','2021-12-02','1209600'),(132,578,2,'JTDKN3DP4E3861643','2021-11-02','2021-12-31','1814400'),(133,664,1,'2HNYD18613H628925','2021-11-17','2022-01-03','2629743'),(134,627,4,'WBAEB5C50AC523813','2021-11-10','2021-12-06','2629743'),(135,574,2,'WAUCVAFR4CA757263','2021-11-22','2021-12-18','1814400'),(136,792,3,'5FRYD3H6XFB695887','2021-11-14','2021-12-02','1814400'),(137,2,2,'5FRYD3H91GB991036','2021-11-08','2021-12-21','1814400'),(138,907,4,'1G6DM5EV4A0569154','2021-11-08','2021-12-01','2629743'),(139,151,2,'5N1AL0MM4FC346936','2021-11-29','2021-12-05','1209600'),(140,150,3,'2C3CDZAT2FH950738','2021-11-15','2021-12-22','2629743'),(141,653,1,'WAUGL68E25A247740','2021-11-27','2021-12-19','1814400'),(142,735,3,'5FRYD4H45GB589708','2021-11-28','2022-01-01','1814400'),(143,207,2,'5J8TB18568A561775','2021-11-26','2021-12-10','1814400'),(144,377,4,'3VW467AT2DM759962','2021-11-03','2021-12-01','1209600'),(145,947,3,'1G6DL8E36D0733253','2021-11-11','2021-12-09','1209600'),(146,946,4,'5GADV23187D121950','2021-11-08','2021-12-13','2629743'),(147,581,3,'1G6DM1E39C0335280','2021-11-08','2021-12-11','1814400'),(148,441,4,'WAUJFAFH7AN453992','2021-11-19','2021-12-18','1209600'),(149,865,2,'1G6DM5EV4A0569154','2021-11-13','2021-12-23','1814400'),(150,735,1,'3D7TT2CT2BG083831','2021-11-26','2021-12-22','2629743'),(151,226,3,'KMHTC6AD1CU264202','2021-11-15','2021-12-12','2629743'),(152,288,1,'5N1AA0NC9FN768085','2021-11-17','2021-12-28','1209600'),(153,105,1,'5GADV33L15D091193','2021-11-11','2021-12-11','2629743'),(154,647,2,'5GADX23L35D818788','2021-11-07','2022-01-04','1814400'),(155,816,3,'WAUDC68D41A537577','2021-11-23','2021-12-15','1209600'),(156,539,2,'WAURFAFR2AA054006','2021-11-27','2021-12-23','1814400'),(157,276,2,'WAUHGBFCXCN242651','2021-11-02','2022-01-03','1209600'),(158,419,1,'SALSF2D42DA563656','2021-11-12','2021-12-19','1209600'),(159,629,1,'1G6DV8EP1D0387884','2021-11-01','2022-01-04','1814400'),(160,902,2,'WA1CFBFPXBA719789','2021-11-06','2021-12-06','2629743'),(161,165,3,'5GAEV13748J945403','2021-11-21',NULL,'1814400'),(162,900,2,'5GAKRBED4CJ245583','2021-11-29','2021-12-01','1209600'),(163,747,4,'5GALRAEDXAJ287073','2021-11-04','2021-12-08','1814400'),(164,233,1,'1G6DL5E31D0573054','2021-11-27','2021-12-15','1814400'),(165,130,4,'WDCGG5GB6BF534094','2021-11-18','2022-01-03','2629743'),(166,984,4,'5J8TB18568A561775','2021-11-04','2021-12-23','1209600'),(167,192,2,'3C6JD6BP9CG957448','2021-11-04','2021-12-01','2629743'),(168,444,3,'1G6KE57Y35U600176','2021-11-03','2021-12-24','1209600'),(169,50,3,'1J4AA2D16BL926799','2021-11-19','2021-12-20','2629743'),(170,17,3,'WAUBF98E38A363505','2021-11-29','2021-12-10','2629743'),(171,598,1,'1G6KH5EY3AU324926','2021-11-10','2021-12-16','1209600'),(172,264,2,'1G6KS54Y81U011809','2021-11-27',NULL,'1814400'),(173,240,4,'5J8TB1H26CA481231','2021-11-13','2021-12-19','1814400'),(174,911,2,'3GYEK62827G175579','2021-11-23','2021-12-13','1209600'),(175,337,3,'WBAEV53424K458259','2021-11-25','2021-12-22','2629743'),(176,391,3,'5J8TB3H51EL768649','2021-11-25','2021-12-16','1814400'),(177,723,1,'1G4GF5G32DF738925','2021-11-24','2021-12-20','1814400'),(178,638,4,'5J8TB4H33GL380118','2021-11-04','2021-12-05','2629743'),(179,592,2,'5J8TB4H55EL426725','2021-11-21','2021-12-07','1209600'),(180,67,1,'5J8TB4H5XDL198896','2021-11-08','2021-12-15','2629743'),(181,708,1,'JTHBF1D22F5685539','2021-11-28','2021-12-30','2629743'),(182,735,1,'WAUED64BX1N064895','2021-11-01','2021-12-08','1814400'),(183,933,4,'WAU3GBFC2DN191884','2021-11-14','2021-12-02','1209600'),(184,957,2,'5TFBW5F1XBX288978','2021-11-14','2021-12-31','1209600'),(185,90,3,'WBXPC93448W933324','2021-11-22','2021-12-07','2629743'),(186,657,1,'JTHBF1D23F5622658','2021-11-09','2021-12-08','1209600'),(187,436,4,'WBA3N9C52EK064205','2021-11-28','2021-12-30','2629743'),(188,637,4,'SAJWJ0FF3F8091845','2021-11-28','2021-12-31','2629743'),(189,996,1,'3D73M3CL5BG854253','2021-11-22','2021-12-05','1209600'),(190,707,1,'1N6AF0KX6EN688803','2021-11-18','2021-12-19','1814400'),(191,146,1,'2T1BURHEXEC229588','2021-11-14','2021-12-24','2629743'),(192,474,1,'2C4RDGCG9CR731632','2021-11-24','2021-12-05','2629743'),(193,12,4,'5LMJJ2H56BE134393','2021-11-18','2021-12-05','2629743'),(194,637,4,'WBAFR7C50CC205768','2021-11-14','2021-12-19','1209600'),(195,883,1,'JH4DB75681S441428','2021-11-12','2021-12-06','1814400'),(196,113,3,'3C3CFFCR7FT233138','2021-11-05','2021-12-06','1209600'),(197,439,1,'JTHBB1BA4A2646743','2021-11-19','2021-12-21','1209600'),(198,907,2,'WAUET48H65K689047','2021-11-11','2021-12-13','1209600'),(199,154,4,'1GYFK33279R403172','2021-11-02','2021-12-04','1814400'),(200,364,1,'5LMJJ3H5XCE749987','2021-11-13','2022-01-03','1209600'),(201,395,3,'WBA3A5G56DN288122','2021-11-20','2022-01-03','2629743'),(202,921,4,'WAUMR44E86N645833','2021-11-04','2021-12-19','1209600'),(203,739,3,'5TDDK3DCXDS109747','2021-11-26','2021-12-15','1209600'),(204,89,4,'3GYEK62N35G554738','2021-11-14','2021-12-25','1209600'),(205,243,2,'WVGAV7AX8AW881129','2021-11-05','2021-12-24','1814400'),(206,655,2,'3C63D3MLXCG961798','2021-11-23','2021-12-24','1814400'),(207,36,1,'WBALM7C55DE353759','2021-11-17','2021-12-25','1209600'),(208,711,2,'JTEBU5JR8B5147837','2021-11-25','2021-12-13','1209600'),(209,16,3,'5LMJJ3H5XCE749987','2021-11-18','2021-12-21','1209600'),(210,526,4,'SCBLC31E01C711815','2021-11-01','2021-12-20','2629743'),(211,57,1,'WA1CFAFP8CA698632','2021-11-09',NULL,'1209600'),(212,429,4,'JTEBU5JR0E5260167','2021-11-24','2022-01-02','1209600'),(213,633,2,'1G6AE1R33F0193149','2021-11-07','2021-12-17','2629743'),(214,556,1,'WBA3A5C54CF413410','2021-11-02','2021-12-06','1209600'),(215,26,4,'5UXZV4C52BL745792','2021-11-07','2021-12-29','2629743'),(216,128,3,'WBADT43472G172743','2021-11-07','2021-12-09','1209600'),(217,12,1,'JN1AJ0HP9CM526565','2021-11-30','2021-12-01','1814400'),(218,230,2,'4JGDA0EB1FA535801','2021-11-23','2021-12-07','2629743'),(219,973,2,'5N1AA0NC1FN341936','2021-11-02','2021-12-20','1814400'),(220,696,4,'5N1AA0NC2EN577901','2021-11-07','2021-12-08','2629743'),(221,807,1,'WVWGD7AJ7EW185459','2021-11-28','2021-12-11','1209600'),(222,78,4,'5N1AA0NC4EN430317','2021-11-13','2021-12-02','2629743'),(223,55,2,'1GYS3KEF9ER082851','2021-11-22','2021-12-22','2629743'),(224,327,1,'3GYFNEE35DS352530','2021-11-27',NULL,'1209600'),(225,906,2,'5N1AA0NC9FN768085','2021-11-22','2021-12-03','1209600'),(226,251,4,'5N1AA0NCXFN198078','2021-11-18','2021-12-18','1814400'),(227,513,2,'1GD010CG6BF278581','2021-11-25','2021-12-25','1814400'),(228,809,1,'3VW507AT1FM196900','2021-11-05','2021-12-21','1814400'),(229,589,3,'JHMZF1C47DS054883','2021-11-07','2021-12-21','2629743'),(230,447,3,'5N1AL0MM4FC346936','2021-11-17','2021-12-06','2629743'),(231,100,3,'SCBLF44J09C597073','2021-11-14','2022-01-03','2629743'),(232,377,3,'5N1AN0NU2CN146081','2021-11-04','2021-12-18','1209600'),(233,796,3,'WBABS53403E093606','2021-11-20','2021-12-27','1814400'),(234,746,2,'5N1AN0NW3DN441659','2021-11-14','2022-01-01','1814400'),(235,348,1,'5N1AN0NW7DN442958','2021-11-13','2021-12-17','1209600'),(236,881,3,'5N1AR1NB5CC592777','2021-11-25','2021-12-12','2629743'),(237,428,4,'JTDBT4K3XB4769311','2021-11-12',NULL,'2629743'),(238,643,3,'2T1BU4EE6DC170190','2021-11-06','2021-12-13','1209600'),(239,807,3,'5N1AT2ML4EC761711','2021-11-11','2021-12-01','2629743'),(240,373,1,'5N1BA0NDXFN785054','2021-11-28','2021-12-05','1209600'),(241,750,2,'3D73Y4CLXBG571566','2021-11-27','2021-12-31','1814400'),(242,687,1,'1N4AA5AP3DC729467','2021-11-23','2021-12-07','1209600'),(243,576,1,'1GYS3JEF9ER222391','2021-11-24','2021-12-03','1209600'),(244,766,3,'3N6CM0KN2FK945105','2021-11-06','2021-12-25','2629743'),(245,439,1,'5N1CR2MM4EC905001','2021-11-05','2021-12-13','2629743'),(246,415,2,'SCBEC9ZA4EC006776','2021-11-07','2021-12-31','2629743'),(247,403,1,'5N1CR2MN7EC471598','2021-11-29','2022-01-04','2629743'),(248,963,4,'5NPDH4AE2BH386051','2021-11-20','2021-12-02','1209600'),(249,360,3,'1GYUCAEF7AR305501','2021-11-30','2021-12-14','1814400'),(250,993,4,'1G6DH577980639857','2021-11-17','2021-12-14','1814400'),(251,367,4,'5NPET4AC1AH053761','2021-11-05','2021-12-18','1814400'),(252,148,2,'3N1BC1CPXCK012297','2021-11-11','2022-01-01','2629743'),(253,191,3,'5TDBK3EH1CS220400','2021-11-24','2021-12-09','2629743'),(254,702,4,'KNADH5A36A6555224','2021-11-27','2021-12-31','1814400'),(255,776,3,'5TDBK3EH4CS930035','2021-11-30','2021-12-13','2629743'),(256,960,2,'JN1CV6EK2AM909883','2021-11-21','2021-12-02','2629743'),(257,181,1,'1G6AK5S30F0039251','2021-11-01','2021-12-01','2629743'),(258,439,3,'WBAFV3C59ED988932','2021-11-08','2021-12-12','1814400'),(259,44,1,'5TDBK3EH4CS930035','2021-11-20','2022-01-02','1814400'),(260,37,1,'1GYS3HEF6DR834913','2021-11-08','2021-12-15','1814400'),(261,744,4,'5TDDCRFH3FS705004','2021-11-24','2021-12-13','2629743'),(262,103,1,'JN1CV6EK0CM654878','2021-11-07','2022-01-01','2629743'),(263,54,4,'5TDDK3DC0FS844823','2021-11-07','2021-12-28','1814400'),(264,182,4,'5TDDK3DCXDS109747','2021-11-18','2021-12-03','1814400'),(265,437,3,'1N6AF0LY5FN393572','2021-11-02','2021-12-14','2629743'),(266,402,2,'5TDDW5G19FS312254','2021-11-29','2021-12-07','1209600'),(267,143,3,'1N6BF0KL9FN315693','2021-11-07','2021-12-04','2629743'),(268,128,1,'1G6DD8E34E0146094','2021-11-22','2021-12-03','2629743'),(269,788,3,'1YVHZ8BH2A5458907','2021-11-14','2021-12-27','1814400'),(270,703,1,'1GYS4AEF3CR377352','2021-11-09','2021-12-25','1814400'),(271,633,2,'1ZVBP8AM2E5772866','2021-11-13','2021-12-18','2629743'),(272,607,2,'WVGFF9BP8BD749269','2021-11-16','2021-12-16','2629743'),(273,771,2,'WAUBF48H18K660702','2021-11-08','2022-01-02','2629743'),(274,573,3,'5TFAW5F13FX133870','2021-11-06','2021-12-07','1814400'),(275,462,2,'2B3CL3CG7BH713217','2021-11-08','2021-12-13','2629743'),(276,266,3,'2C3CA1CV2AH373517','2021-11-18','2021-12-30','1814400'),(277,596,3,'1G6KH5EY3AU324926','2021-11-26','2021-12-19','2629743'),(278,18,3,'3FAHP0CG4AR949825','2021-11-23','2021-12-24','1209600'),(279,374,3,'1GT022CG9EF272968','2021-11-04','2021-12-11','1209600'),(280,333,4,'SAJWA4DC6EM041267','2021-11-12','2021-12-27','1209600'),(281,595,1,'WAUFGAFC8FN347307','2021-11-30',NULL,'1814400'),(282,404,3,'2C3CCAKG3DH057013','2021-11-02','2021-12-26','1814400'),(283,983,2,'5TFBM5F18AX253022','2021-11-24','2022-01-01','2629743'),(284,461,3,'5TFBW5F1XAX762877','2021-11-22','2021-12-29','1209600'),(285,87,2,'5TFBW5F1XBX288978','2021-11-17','2021-12-18','1209600'),(286,350,1,'WAUDH48H99K519445','2021-11-30','2021-12-13','1814400'),(287,243,3,'2C3CDXCT6FH672332','2021-11-09','2022-01-04','1814400'),(288,404,2,'2C3CDXGJ7EH577026','2021-11-22','2021-12-15','1209600'),(289,296,4,'WBABV13414J622859','2021-11-24','2021-12-08','1209600'),(290,438,3,'5TFBY5F15AX109674','2021-11-03','2022-01-01','1209600'),(291,950,1,'JN1CV6EK5BM077702','2021-11-05',NULL,'1814400'),(292,100,3,'JN1CV6APXFM136945','2021-11-20','2021-12-25','1209600'),(293,183,3,'5UXFA53502L012547','2021-11-27','2021-12-18','2629743'),(294,785,2,'5TFBY5F15BX004716','2021-11-25','2021-12-16','1209600'),(295,165,1,'5UXFG8C52EL597894','2021-11-19',NULL,'1209600'),(296,655,1,'5UMBT93598L823429','2021-11-11','2021-12-16','2629743'),(297,881,2,'5UXFH0C55AL720905','2021-11-02','2022-01-02','1209600'),(298,211,3,'5TFBW5F1XAX762877','2021-11-19','2021-12-17','1814400'),(299,522,1,'1D7RV1GT8BS002106','2021-11-04','2022-01-03','1814400'),(300,615,4,'WAUWGBFB6BN714115','2021-11-10','2021-12-01','1209600'),(301,507,3,'5FRYD3H91GB991036','2021-11-21','2021-12-29','1209600'),(302,337,3,'3C6TD5HT7CG117210','2021-11-27','2021-12-22','2629743'),(303,654,3,'2B3CA5CT0AH058721','2021-11-04','2022-01-04','1209600'),(304,186,4,'5XYZT3LB1FG019575','2021-11-28','2021-12-05','1814400'),(305,758,2,'SCFAB42363K358694','2021-11-05','2021-12-30','1209600'),(306,713,4,'2G4GS5EV3C9773030','2021-11-27','2021-12-25','2629743'),(307,169,4,'JH4KA96594C049732','2021-11-23','2021-12-26','1814400'),(308,565,3,'2LMHJ5AT5FB290197','2021-11-16','2021-12-16','1814400'),(309,397,2,'JH4KB26599C350884','2021-11-15','2021-12-27','1209600'),(310,559,4,'WBANE73587B975963','2021-11-25','2022-01-01','1209600'),(311,509,3,'JH4KA96674C058552','2021-11-08','2021-12-01','1814400'),(312,372,2,'JN8AZ1MU6EW411196','2021-11-16','2021-12-27','2629743'),(313,162,2,'5YMGZ0C57DL665565','2021-11-27','2021-12-12','1814400'),(314,330,2,'5UXZV8C53BL307337','2021-11-16','2021-12-31','1209600'),(315,749,2,'1G6DP5EV3A0165902','2021-11-25','2021-12-10','1209600'),(316,544,4,'5YMGZ0C58D0441772','2021-11-18','2021-12-01','1209600'),(317,158,3,'3C4PDCAB7ET798379','2021-11-05','2021-12-17','1209600'),(318,498,4,'JA32U1FU1DU201447','2021-11-27','2021-12-10','2629743'),(319,998,3,'1G4HP54K654906995','2021-11-01','2021-12-05','1209600'),(320,236,4,'JA32U2FU2DU117482','2021-11-26','2021-12-07','1209600'),(321,734,2,'2T1BU4EE4BC131255','2021-11-26','2022-01-03','2629743'),(322,298,3,'1GYS3HEF9DR226304','2021-11-04','2021-12-30','1209600'),(323,356,2,'JA32X2HUXBU178418','2021-11-11','2021-12-08','1209600'),(324,15,3,'W04GY5GV3B1251429','2021-11-29','2021-12-27','1209600'),(325,676,1,'JTHFE2C26E2978257','2021-11-11','2021-12-08','1814400'),(326,236,2,'JTEBU5JR0C5026320','2021-11-28','2021-12-13','1814400'),(327,293,3,'2T1BU4EE7CC131140','2021-11-04','2021-12-30','1814400'),(328,437,2,'JA32X8HW0EU110654','2021-11-16','2021-12-21','1814400'),(329,867,1,'WA1EY74L67D818681','2021-11-03','2021-12-22','1209600'),(330,73,1,'JA32X8HW3AU486596','2021-11-08','2021-12-16','2629743'),(331,64,2,'JA32X8HWXCU317842','2021-11-21','2021-12-14','2629743'),(332,642,3,'WBAKX6C51BC923181','2021-11-02','2021-12-15','2629743'),(333,303,1,'3C4PDCAB7ET798379','2021-11-01','2021-12-28','2629743'),(334,667,4,'4T3BA3BB2EU870504','2021-11-19','2021-12-18','1814400'),(335,635,4,'JH4CL95917C450053','2021-11-03','2021-12-29','2629743'),(336,576,3,'JM1NC2MF9E0492672','2021-11-16','2021-12-23','1814400'),(337,65,2,'JH4CL95946C692091','2021-11-10','2022-01-02','1209600'),(338,217,3,'WAUAFAFL1FA076868','2021-11-28','2021-12-31','1209600'),(339,789,4,'1GYFC43569R881371','2021-11-01','2021-12-02','2629743'),(340,394,3,'1GKUCFDJ8AR797579','2021-11-16','2021-12-21','1814400'),(341,128,1,'KNALN4D78F5387273','2021-11-09','2021-12-11','2629743'),(342,666,3,'JH4CU4F69CC737767','2021-11-01','2021-12-08','2629743'),(343,876,4,'SCFBF04B17G124722','2021-11-21','2021-12-23','2629743'),(344,728,4,'WA1DGAFP1DA874956','2021-11-12','2021-12-04','1814400'),(345,395,1,'3C63DRNL4CG049041','2021-11-03','2021-12-23','1209600'),(346,572,4,'3C6JD6BP9CG957448','2021-11-21','2021-12-19','1209600'),(347,578,4,'JH4DB75681S441428','2021-11-04','2021-12-24','1209600'),(348,556,2,'SCBFU7ZA9FC637644','2021-11-18','2021-12-04','2629743'),(349,45,1,'JH4DC23151S536956','2021-11-01','2021-12-18','1209600'),(350,178,3,'3GYFNBE32ES776764','2021-11-06','2021-12-26','1814400'),(351,527,1,'JH4DC53823S030325','2021-11-24','2022-01-01','1209600'),(352,667,2,'2C3CK6CT5AH492154','2021-11-15','2021-12-03','1814400'),(353,381,2,'JH4DC53854S514216','2021-11-18','2021-12-21','2629743'),(354,900,4,'WUAYU48H18K326949','2021-11-22',NULL,'1814400'),(355,535,1,'WBAWC735X9E472110','2021-11-11','2022-01-02','2629743'),(356,170,2,'WA1VMBFP8EA168815','2021-11-16','2022-01-04','1209600'),(357,55,1,'JH4DC54825S710811','2021-11-13',NULL,'1814400'),(358,109,4,'3D7TP2CT0AG014557','2021-11-18','2021-12-22','1814400'),(359,539,2,'5TFCW5F13DX235949','2021-11-21','2021-12-03','2629743'),(360,124,1,'JH4KA96594C049732','2021-11-02','2021-12-04','1209600'),(361,475,2,'JH4KA96662C594194','2021-11-27','2022-01-04','1814400'),(362,769,4,'3VW4A7AT9DM548871','2021-11-23','2021-12-14','1814400'),(363,858,4,'JH4KA96674C058552','2021-11-07','2021-12-17','1814400'),(364,202,4,'KMHCM3AC0AU307847','2021-11-27','2022-01-02','1209600'),(365,337,3,'1G4HC5EM7AU278600','2021-11-23','2021-12-16','1209600'),(366,826,2,'JTDJTUD3XED460869','2021-11-15','2021-12-03','1209600'),(367,21,2,'3GYEK62827G175579','2021-11-07','2021-12-11','1814400'),(368,157,4,'4F2CY0C77BK828942','2021-11-18','2022-01-04','1209600'),(369,616,4,'JH4KB26599C350884','2021-11-21','2021-12-03','2629743'),(370,341,2,'1G6AB5RXXF0108620','2021-11-09','2021-12-09','1209600'),(371,623,2,'1GTN1TEX5CZ222995','2021-11-18','2021-12-22','1814400'),(372,193,2,'1YVHZ8BH2A5458907','2021-11-08','2021-12-10','1814400'),(373,373,2,'WAUDFAFLXFN259272','2021-11-11','2021-12-29','1814400'),(374,718,2,'WVWAN7AN1EE638020','2021-11-19','2021-12-14','2629743'),(375,691,1,'1FAHP3DN7AW659087','2021-11-14','2021-12-07','2629743'),(376,489,4,'JH4KB2F5XBC375721','2021-11-01','2021-12-11','1814400'),(377,560,1,'1G6KE57Y35U600176','2021-11-07','2021-12-10','1209600'),(378,284,1,'JH4NA12642T519384','2021-11-24','2021-12-24','1209600'),(379,826,4,'TRUUT28NX61300710','2021-11-01','2021-12-31','1209600'),(380,934,2,'JH4NA12645S755575','2021-11-29','2021-12-24','1814400'),(381,936,2,'3GYFK12219G815206','2021-11-14','2021-12-01','1209600'),(382,31,2,'3MZBM1U77EM169573','2021-11-14','2021-12-28','2629743'),(383,264,1,'JH4NA21631T232883','2021-11-13','2022-01-02','1209600'),(384,422,2,'3N1AB6AP8CL006829','2021-11-24','2021-12-22','1814400'),(385,297,2,'JH4NA21634T861614','2021-11-20','2021-12-29','1814400'),(386,228,2,'3D7JV1EP5AG963643','2021-11-13','2021-12-01','1814400'),(387,382,3,'WBAUU3C51CA085361','2021-11-16','2021-12-03','1209600'),(388,879,4,'JHMGE8G21AC157072','2021-11-02','2021-12-13','1209600'),(389,665,2,'SAJWA4GB5FL835607','2021-11-12','2021-12-31','2629743'),(390,484,1,'JHMZE2H31BS020167','2021-11-27','2021-12-18','2629743'),(391,797,4,'3C63DPNL1CG186670','2021-11-05','2021-12-17','2629743'),(392,646,1,'JHMZE2H32CS243030','2021-11-26','2021-12-22','1209600'),(393,634,4,'JHMZE2H32CS594231','2021-11-21','2022-01-02','1209600'),(394,383,2,'JHMZE2H51AS929980','2021-11-20','2021-12-19','2629743'),(395,305,1,'WAUFFAFM2AA893077','2021-11-22','2021-12-19','1814400'),(396,583,3,'JHMZE2H57DS551622','2021-11-15','2021-12-25','2629743'),(397,679,4,'JHMZE2H5XAS565428','2021-11-13','2021-12-09','2629743'),(398,374,2,'JHMZF1C47DS054883','2021-11-04','2021-12-17','1209600'),(399,972,2,'19VDE1F31DE696707','2021-11-18','2021-12-29','1209600'),(400,608,4,'2T1BURHE1EC204868','2021-11-20',NULL,'2629743'),(401,201,3,'1G6DM57N640923421','2021-11-08',NULL,'2629743'),(402,263,4,'JHMZF1C62ES022619','2021-11-27','2021-12-14','1814400'),(403,920,2,'KNADH4A30B6079502','2021-11-19','2021-12-23','2629743'),(404,494,2,'JHMZF1D45FS494067','2021-11-20','2021-12-02','2629743'),(405,518,1,'JHMZF1D46ES411633','2021-11-13','2021-12-04','1814400'),(406,996,1,'JHMZF1D6XES611240','2021-11-29','2022-01-03','2629743'),(407,254,3,'JM1CR2W35A0276272','2021-11-13','2021-12-23','2629743'),(408,947,4,'JM1CW2BL3C0737695','2021-11-06','2022-01-04','2629743'),(409,448,3,'1HGCR2F34DA201059','2021-11-27','2021-12-12','1209600'),(410,396,1,'WBAAV53411F138899','2021-11-14','2021-12-12','1209600'),(411,139,3,'JM1CW2BL8D0669864','2021-11-17','2021-12-09','1209600'),(412,741,3,'4T1BF1FK4EU688991','2021-11-19','2022-01-03','1209600'),(413,548,3,'1FTEW1CM6DK037831','2021-11-13','2021-12-21','2629743'),(414,155,4,'JM1GJ1T65E1996978','2021-11-06','2021-12-04','1209600'),(415,956,3,'JM1NC2EF1A0999557','2021-11-05','2021-12-21','2629743'),(416,57,1,'JM1NC2JF7C0888374','2021-11-23','2021-12-22','1209600'),(417,448,3,'JM1NC2MF9E0492672','2021-11-15','2021-12-24','2629743'),(418,757,2,'JHMZE2H51AS929980','2021-11-12','2022-01-04','1209600'),(419,972,2,'JM1NC2PF0F0084011','2021-11-01','2022-01-03','2629743'),(420,169,2,'ZFBCFADH9EZ825736','2021-11-30','2021-12-28','1814400'),(421,23,4,'1GYS4HEF8DR363618','2021-11-03','2022-01-03','1209600'),(422,410,3,'WBADT43411G655904','2021-11-28','2021-12-27','2629743'),(423,837,2,'JM1NC2PF9F0224251','2021-11-25','2021-12-23','2629743'),(424,296,3,'WAUDH78EX6A696465','2021-11-18','2021-12-14','1814400'),(425,614,3,'JM1NC2SF7F0376018','2021-11-06','2021-12-24','1814400'),(426,756,1,'SALAB2V69EA182752','2021-11-19','2021-12-31','1209600'),(427,326,2,'4T3BA3BB1EU540188','2021-11-04','2021-12-19','1209600'),(428,426,3,'JM3ER2W35A0519045','2021-11-15','2021-12-13','2629743'),(429,94,3,'JM3TB2BAXC0643766','2021-11-14','2021-12-12','1209600'),(430,697,1,'KNDJN2A22E7686512','2021-11-04','2021-12-08','1209600'),(431,850,3,'WAULC58E05A659471','2021-11-11','2021-12-29','2629743'),(432,823,2,'JN1AJ0HP9CM526565','2021-11-18','2021-12-17','1209600'),(433,519,1,'JN1AJ0HPXCM823263','2021-11-16','2021-12-10','1814400'),(434,853,2,'JN1AZ4EH2FM388188','2021-11-10','2021-12-05','1814400'),(435,406,3,'1G6KE57Y94U962401','2021-11-16','2021-12-03','1209600'),(436,452,1,'2C3CA4CG8BH890652','2021-11-25','2021-12-13','1209600'),(437,389,1,'SALAG2V63EA253381','2021-11-21','2021-12-07','1209600'),(438,752,1,'JN1AZ4EH7AM150734','2021-11-09','2021-12-28','1209600'),(439,916,3,'WA1CMAFP3FA771707','2021-11-12','2021-12-05','2629743'),(440,432,4,'JN1AZ4EHXAM608962','2021-11-01','2021-12-21','1209600'),(441,224,3,'5N1AA0NC1FN341936','2021-11-27','2021-12-29','2629743'),(442,610,2,'WAUBF48H08K808533','2021-11-30','2021-12-19','1814400'),(443,765,1,'JN1BJ0HR5DM488551','2021-11-17','2021-12-21','1209600'),(444,46,3,'JN1BJ0HRXDM859591','2021-11-04','2021-12-16','1209600'),(445,974,1,'JN1CV6AP0BM014539','2021-11-22','2021-12-19','1814400'),(446,253,3,'JN1CV6AP1DM977372','2021-11-14','2021-12-19','1209600'),(447,486,2,'WDDHF2EB1DA927831','2021-11-27','2021-12-18','2629743'),(448,187,1,'JN1CV6AP5AM158358','2021-11-01','2021-12-08','1209600'),(449,696,1,'JN1CV6AP7BM429485','2021-11-06','2021-12-27','2629743'),(450,530,1,'55SWF4JB4FU040817','2021-11-04','2021-12-15','2629743'),(451,11,4,'WP0CA2A81BU380973','2021-11-01','2021-12-29','1814400'),(452,463,4,'YV126MFKXF2057630','2021-11-20','2021-12-17','2629743'),(453,202,1,'JN1CV6AP9AM371944','2021-11-25','2021-12-04','1209600'),(454,69,1,'2D4RN4DGXBR206963','2021-11-25','2022-01-04','1209600'),(455,602,3,'SALME1D44BA525770','2021-11-03','2022-01-02','1209600'),(456,40,2,'1ZVBP8AM2E5772866','2021-11-08','2021-12-02','1814400'),(457,687,2,'SCBLE37G36C289212','2021-11-16','2022-01-01','1814400'),(458,118,4,'JN1CV6APXFM136945','2021-11-18','2022-01-02','2629743'),(459,66,1,'JHMZE2H32CS243030','2021-11-24','2021-12-07','1814400'),(460,263,2,'JN1CV6EK0CM654878','2021-11-28','2021-12-02','1814400'),(461,125,1,'1N6AF0KX4EN432949','2021-11-14','2021-12-19','1814400'),(462,532,2,'JN1CV6EK1AM792040','2021-11-16','2021-12-29','1814400'),(463,421,3,'3LNHL2GC3BR629904','2021-11-01','2021-12-02','1814400'),(464,397,4,'WAUNF78P67A558046','2021-11-01','2021-12-19','1209600'),(465,465,3,'WAUDFAFLXFN259272','2021-11-24','2022-01-01','2629743'),(466,587,2,'WAUKD98PX7A016209','2021-11-17','2021-12-22','1814400'),(467,336,2,'2G4GN5EC8B9817267','2021-11-18','2022-01-03','1209600'),(468,655,1,'1GD322CG4EF857255','2021-11-16','2021-12-16','2629743'),(469,23,1,'JN1CV6EK1DM694257','2021-11-19','2021-12-15','1209600'),(470,277,2,'JN1CV6EK2AM909883','2021-11-10','2021-12-07','1209600'),(471,96,3,'JN1CV6EK5BM077702','2021-11-21',NULL,'1209600'),(472,360,2,'JN1CV6FE0AM479277','2021-11-14','2021-12-07','1814400'),(473,139,4,'JN1CV6FE1DM555500','2021-11-01','2021-12-21','1814400'),(474,116,4,'JN1CV6FEXBM405687','2021-11-03','2021-12-27','1814400'),(475,105,3,'WAULC58E25A872485','2021-11-13','2021-12-01','1814400'),(476,512,4,'1LNHL9DR2AG878279','2021-11-10','2021-12-30','2629743'),(477,50,2,'KM8NU4CC9CU479762','2021-11-15','2021-12-06','1209600'),(478,197,2,'JN8AE2KP0E9739601','2021-11-24','2021-12-12','2629743'),(479,156,3,'3C63DRNL4CG049041','2021-11-30','2021-12-09','2629743'),(480,489,2,'JN8AE2KP4C9867434','2021-11-25','2021-12-24','1209600'),(481,279,2,'WAUNE78P28A355711','2021-11-18','2021-12-09','2629743'),(482,798,1,'JTDKN3DU2F0096831','2021-11-01','2021-12-09','1814400'),(483,569,2,'KMHGH4JH5DU631078','2021-11-02','2022-01-03','1814400'),(484,551,3,'3D73M4CL4BG278886','2021-11-25',NULL,'1209600'),(485,657,1,'JN8AS1MU9CM080319','2021-11-25','2021-12-03','2629743'),(486,569,4,'WAULC68E42A657093','2021-11-30','2021-12-22','1209600'),(487,987,3,'WVGAV7AX7AW315110','2021-11-29','2022-01-01','2629743'),(488,533,4,'WBA3A5C5XEJ288395','2021-11-21','2021-12-28','1209600'),(489,192,3,'WBAFV3C50ED008925','2021-11-15','2021-12-25','1209600'),(490,292,2,'3N1AB6AP6CL713086','2021-11-03','2022-01-01','1814400'),(491,437,1,'JN8AS5MT4AW828569','2021-11-09','2021-12-16','1209600'),(492,621,3,'SCBFC7ZA7EC931173','2021-11-12','2021-12-25','2629743'),(493,283,3,'JN1CV6AP7BM429485','2021-11-28','2021-12-04','2629743'),(494,911,4,'WBAKF5C53CE815499','2021-11-06','2021-12-29','1209600'),(495,674,4,'3D7TP2CT0AG014557','2021-11-25','2021-12-10','2629743'),(496,908,1,'JN8AS5MT6DW299601','2021-11-28','2021-12-14','1814400'),(497,448,4,'WAUEH48HX8K923213','2021-11-02','2021-12-04','1209600'),(498,564,4,'5J8TB4H33GL380118','2021-11-27','2022-01-01','2629743'),(499,114,2,'WBAVC73507A137678','2021-11-14','2021-12-15','1209600'),(500,686,4,'JN8AS5MT6FW815264','2021-11-26','2021-12-06','1209600'),(501,537,3,'JN8AZ1FY5EW727821','2021-11-11','2021-12-26','1814400'),(502,116,1,'JN8AZ1FY1CW741258','2021-11-29','2021-12-23','1209600'),(503,151,1,'JN8AZ1MU6EW411196','2021-11-03','2022-01-04','1814400'),(504,421,2,'JN8AZ1MUXCW400702','2021-11-12','2022-01-04','1209600'),(505,178,2,'JN8AZ2KR5CT779713','2021-11-22','2021-12-20','1814400'),(506,709,2,'JN8CS1MW2EM862071','2021-11-20','2021-12-10','1209600'),(507,513,1,'JTDBT4K36B1309354','2021-11-21','2021-12-04','1209600'),(508,185,2,'JTDBT4K3XB4769311','2021-11-09','2021-12-04','2629743'),(509,196,1,'JTDJTUD3XED460869','2021-11-16','2021-12-17','2629743'),(510,974,3,'JTDKDTB33D1233960','2021-11-04','2021-12-07','1209600'),(511,535,1,'JTDKDTB36D1246167','2021-11-10','2021-12-30','1814400'),(512,428,2,'JTDKDTB3XC1046682','2021-11-27','2021-12-07','2629743'),(513,738,3,'JTDKN3DP4E3861643','2021-11-05','2021-12-18','2629743'),(514,43,2,'JTDKN3DU2F0096831','2021-11-23','2021-12-22','1209600'),(515,194,3,'JTDKN3DU9F0218732','2021-11-08','2021-12-30','1814400'),(516,177,3,'JTDZN3EU8E3124013','2021-11-29','2021-12-16','2629743'),(517,414,2,'JTEBU5JR0C5026320','2021-11-13','2021-12-23','2629743'),(518,214,1,'JTEBU5JR0E5260167','2021-11-15','2021-12-12','2629743'),(519,412,3,'JTEBU5JR6A5775958','2021-11-24','2021-12-17','1209600'),(520,182,3,'JTEBU5JR8B5147837','2021-11-11','2021-12-19','1814400'),(521,728,2,'JTHBB1BA4A2646743','2021-11-16','2021-12-29','1209600'),(522,27,3,'JTHBB1BAXA2204615','2021-11-15','2021-12-05','1209600'),(523,827,3,'JTHBE1KSXA0214590','2021-11-14','2021-12-02','2629743'),(524,801,4,'JTHBE5C25A5614341','2021-11-02',NULL,'1814400'),(525,660,1,'JTHBE5C25D5076289','2021-11-20','2021-12-27','1814400'),(526,932,1,'JTHBF1D22F5685539','2021-11-23','2021-12-08','2629743'),(527,763,4,'JTHBF1D23F5622658','2021-11-07','2021-12-27','1209600'),(528,557,4,'JTHBK1GG4F2054523','2021-11-10','2021-12-19','1209600'),(529,118,3,'JTHBL1EF0B5370369','2021-11-08','2021-12-10','1209600'),(530,513,3,'JTHBP5C2XC5419607','2021-11-25','2022-01-03','1209600'),(531,936,1,'JTHBW1GG5E1733659','2021-11-08','2021-12-02','1209600'),(532,495,2,'JTHDU5EF7C5737721','2021-11-08','2021-12-23','1814400'),(533,644,3,'JTHFE2C26E2978257','2021-11-06','2021-12-28','1209600'),(534,784,3,'JTHKD5BH3E2470949','2021-11-07','2021-12-03','1814400'),(535,967,3,'JTJBM7FXXE5752872','2021-11-06','2021-12-11','1209600'),(536,519,4,'KL4CJDSB6EB011980','2021-11-28','2021-12-30','2629743'),(537,58,2,'KL4CJESB1DB058919','2021-11-20','2021-12-05','1209600'),(538,863,2,'KM8JT3AB4CU523866','2021-11-19','2021-12-07','1209600'),(539,946,1,'KM8JT3AC1AU538301','2021-11-21','2021-12-30','2629743'),(540,543,2,'KM8NU4CC9CU479762','2021-11-06','2021-12-03','2629743'),(541,225,1,'KMHCM3AC0AU307847','2021-11-28','2021-12-17','2629743'),(542,702,4,'KMHCM3AC3AU376497','2021-11-05','2021-12-14','2629743'),(543,843,2,'KMHCT4AE4DU856918','2021-11-12','2021-12-14','2629743'),(544,189,1,'KMHEC4A46FA552235','2021-11-12','2021-12-18','2629743'),(545,497,3,'KMHGC4DD2DU172860','2021-11-23','2021-12-11','2629743'),(546,743,4,'KMHGH4JF6BU281259','2021-11-26','2021-12-25','2629743'),(547,425,1,'KMHGH4JH3FU029668','2021-11-09','2022-01-02','1209600'),(548,166,2,'KMHGH4JH5CU609645','2021-11-25','2021-12-24','1209600'),(549,999,2,'KMHGH4JH5DU631078','2021-11-13','2021-12-18','1209600'),(550,113,3,'KMHHT6KD3AU379160','2021-11-18','2021-12-01','1814400'),(551,307,4,'KMHHT6KD9AU427633','2021-11-30','2021-12-31','2629743'),(552,418,4,'KMHHT6KDXDU798689','2021-11-10','2021-12-05','2629743'),(553,148,4,'KMHTC6AD1CU264202','2021-11-01','2021-12-31','1209600'),(554,85,3,'KMHTC6AD1DU887613','2021-11-01',NULL,'1209600'),(555,889,2,'KMHTC6AD3EU100520','2021-11-20','2022-01-04','1814400'),(556,311,2,'KMHTC6AD7DU129033','2021-11-02','2021-12-31','1814400'),(557,26,1,'KNADH4A30B6079502','2021-11-18','2021-12-26','2629743'),(558,81,1,'KNADH5A35A6746861','2021-11-30','2022-01-01','1814400'),(559,444,3,'KNADH5A36A6555224','2021-11-10','2021-12-22','1209600'),(560,447,3,'KNADM4A31C6522270','2021-11-05','2021-12-25','2629743'),(561,967,4,'KNAFK4A69E5013108','2021-11-29','2021-12-24','1209600'),(562,990,1,'KNAFT4A21D5548684','2021-11-17','2021-12-14','1209600'),(563,824,1,'KNAFU6A24B5684331','2021-11-19','2021-12-31','1209600'),(564,627,2,'KNAFX5A83E5404893','2021-11-21','2021-12-11','1814400'),(565,477,2,'KNALN4D78F5387273','2021-11-19','2022-01-02','2629743'),(566,244,2,'KNALN4D79E5409411','2021-11-28','2021-12-17','1814400'),(567,395,1,'KNDJN2A22E7686512','2021-11-09','2021-12-13','2629743'),(568,116,1,'NM0GE9F76F1628556','2021-11-04','2021-12-10','2629743'),(569,95,4,'NM0KS7DN5AT091345','2021-11-29','2021-12-23','1814400'),(570,20,1,'SAJWA0JH3EM783053','2021-11-27','2021-12-14','1814400'),(571,869,3,'SAJWA2GT3EM955914','2021-11-05','2021-12-11','2629743'),(572,432,2,'SAJWA4DC6EM041267','2021-11-30','2021-12-14','1209600'),(573,86,1,'SAJWA4DC7CM253639','2021-11-16','2021-12-31','2629743'),(574,434,4,'SAJWA4GB5FL835607','2021-11-24','2021-12-30','1814400'),(575,956,3,'SAJWA6FC1E8684711','2021-11-07','2021-12-12','2629743'),(576,833,2,'SAJWJ0FF3F8091845','2021-11-29','2021-12-31','1814400'),(577,614,3,'SALAB2D40AA589420','2021-11-18','2021-12-16','1814400'),(578,802,2,'SALAB2V69EA182752','2021-11-14','2021-12-08','2629743'),(579,302,3,'SALAG2V63EA253381','2021-11-09','2021-12-28','1814400'),(580,921,2,'SALGR2VF0EA605434','2021-11-20','2022-01-04','1814400'),(581,253,1,'SALGS2TF0FA587252','2021-11-06','2021-12-27','1814400'),(582,92,3,'SALME1D44BA525770','2021-11-10','2022-01-03','1209600'),(583,437,4,'SALSF2D42DA563656','2021-11-22','2021-12-20','1814400'),(584,437,1,'SCBBB7ZH6DC215426','2021-11-02','2022-01-04','2629743'),(585,904,3,'SCBBP9ZA1CC299170','2021-11-06','2021-12-17','2629743'),(586,217,3,'SCBBP9ZA8DC027667','2021-11-27','2021-12-23','1209600'),(587,672,1,'SCBBP9ZAXCC920681','2021-11-16','2021-12-11','1814400'),(588,179,2,'SCBCC41N29C793712','2021-11-11','2021-12-26','2629743'),(589,72,4,'SCBCR73W58C026375','2021-11-24','2021-12-22','2629743'),(590,865,3,'SCBDR33W48C862188','2021-11-18','2022-01-01','1209600'),(591,80,2,'SCBDR33W78C943492','2021-11-10','2021-12-01','1209600'),(592,717,2,'SCBDR33W79C657434','2021-11-16',NULL,'1814400'),(593,792,2,'SCBEC9ZA4EC006776','2021-11-23','2021-12-23','2629743'),(594,367,3,'SCBFC7ZA3DC048718','2021-11-02','2021-12-19','1814400'),(595,673,1,'SCBFC7ZA7EC931173','2021-11-09',NULL,'2629743'),(596,634,3,'SCBFU7ZA9FC637644','2021-11-04','2021-12-28','2629743'),(597,258,3,'SCBLC31E01C711815','2021-11-23','2021-12-31','1814400'),(598,239,3,'SCBLC31E12C754867','2021-11-03','2022-01-03','2629743'),(599,62,1,'SCBLE37G36C289212','2021-11-29','2021-12-03','1209600'),(600,735,3,'SCBLF44J09C597073','2021-11-18','2021-12-28','2629743'),(601,206,1,'SCBZU25E91C879884','2021-11-04','2021-12-02','1814400'),(602,253,1,'SCFAB02A77G775225','2021-11-20','2021-12-20','1209600'),(603,645,2,'SCFAB05D39G533279','2021-11-18','2021-12-11','1814400'),(604,325,2,'SCFAB22381K520441','2021-11-21','2021-12-02','1814400'),(605,923,3,'SCFAB22383K031931','2021-11-08','2022-01-02','1814400'),(606,963,3,'SCFAB42363K358694','2021-11-06','2021-12-27','2629743'),(607,57,4,'SCFAD01A77G885381','2021-11-07','2021-12-11','1209600'),(608,875,2,'SCFAD02E29G989443','2021-11-05','2021-12-14','1814400'),(609,26,2,'SCFAD06D69G763505','2021-11-30','2021-12-02','2629743'),(610,110,2,'SCFBF04B17G124722','2021-11-14','2021-12-29','2629743'),(611,373,2,'SCFEBBBC7AG244189','2021-11-02',NULL,'1209600'),(612,902,3,'SCFEBBCF6BG481119','2021-11-27','2022-01-01','1814400'),(613,744,4,'SCFFBCCD7AG822759','2021-11-21','2021-12-26','1209600'),(614,544,2,'SCFFDAAE6CG497373','2021-11-28','2021-12-11','1209600'),(615,188,2,'SCFFDABE9AG312566','2021-11-27','2021-12-29','2629743'),(616,134,1,'SCFFDCCD7CG251349','2021-11-21','2022-01-04','1814400'),(617,826,2,'SCFFDCCD9AG818335','2021-11-01','2022-01-01','1209600'),(618,1000,4,'SCFFDECN2CG045649','2021-11-27','2021-12-07','1209600'),(619,1000,1,'SCFFDECN6CG352211','2021-11-08','2021-12-20','1209600'),(620,193,2,'TRUDD38J191194149','2021-11-08','2021-12-05','1209600'),(621,229,3,'TRUDD38J481071105','2021-11-12','2021-12-09','1814400'),(622,636,1,'TRURD38J381670826','2021-11-12',NULL,'1209600'),(623,771,1,'TRUTC28N521156523','2021-11-04','2021-12-16','1814400'),(624,281,4,'TRUTC28NX41939758','2021-11-02','2021-12-15','2629743'),(625,388,4,'TRUTX28N321792197','2021-11-02','2021-12-22','2629743'),(626,244,2,'TRUUT28N411826288','2021-11-09','2021-12-12','1814400'),(627,370,3,'TRUUT28NX61300710','2021-11-21','2021-12-09','1814400'),(628,904,2,'W04GY5GV3B1251429','2021-11-21','2021-12-15','1209600'),(629,734,4,'WA1AY74L78D225413','2021-11-05','2021-12-18','1209600'),(630,279,1,'WA1AY94L57D072525','2021-11-13','2021-12-30','1814400'),(631,765,4,'WA1BY94L78D388675','2021-11-14','2021-12-03','2629743'),(632,105,2,'WA1CFAFP6EA714152','2021-11-28',NULL,'1814400'),(633,47,1,'WA1CFAFP8CA698632','2021-11-28',NULL,'1209600'),(634,742,1,'WA1CFBFPXBA719789','2021-11-16','2021-12-15','1814400'),(635,972,1,'WA1CMAFE2CD434454','2021-11-22','2021-12-20','1814400'),(636,719,1,'WA1CMAFE3AD841700','2021-11-27','2021-12-03','1814400'),(637,171,1,'WA1CMAFE3CD806786','2021-11-06','2021-12-05','1209600'),(638,100,4,'WA1CMAFP3FA771707','2021-11-25','2021-12-06','2629743'),(639,559,4,'WA1CMBFP0EA600449','2021-11-22','2021-12-14','2629743'),(640,276,1,'WA1CMBFP0EA600448','2021-11-29','2021-12-30','1814400'),(641,500,2,'WA1DGAFP1DA874956','2021-11-07','2021-12-02','1209600'),(642,874,1,'WA1DGBFE1FD761918','2021-11-04','2021-12-31','1814400'),(643,519,2,'WA1DGBFE2CD827467','2021-11-28','2021-12-24','1814400'),(644,975,2,'WA1EY74L67D818681','2021-11-21','2021-12-03','1209600'),(645,563,3,'WA1LFAFPXBA882100','2021-11-28','2021-12-07','1814400'),(646,256,3,'WA1LFBFP2DA347027','2021-11-18','2021-12-18','2629743'),(647,526,1,'WA1LFBFP7DA515597','2021-11-05','2021-12-25','1209600'),(648,862,3,'WA1LKAFPXAA316092','2021-11-29','2022-01-01','2629743'),(649,743,4,'WA1LMAFE5ED027571','2021-11-28','2021-12-07','1209600'),(650,150,2,'WA1LMBFE1AD410021','2021-11-11','2021-12-14','1814400'),(651,766,1,'WA1LMBFE9BD279440','2021-11-06','2021-12-26','1209600'),(652,944,4,'WA1VFAFL2DA743300','2021-11-29','2021-12-12','1209600'),(653,824,2,'WA1VMBFP8EA168815','2021-11-30','2021-12-01','1209600'),(654,521,3,'WA1WGAFP2DA773711','2021-11-01','2021-12-26','1814400'),(655,403,4,'WA1WGAFP7DA852307','2021-11-09','2021-12-04','2629743'),(656,916,1,'WA1WYAFE7AD579214','2021-11-06','2021-12-05','2629743'),(657,708,3,'WA1WYBFE6AD852553','2021-11-24','2022-01-04','1209600'),(658,675,4,'WA1YD54B13N955519','2021-11-30','2021-12-13','2629743'),(659,875,3,'WA1YD54B25N125053','2021-11-13','2021-12-20','2629743'),(660,708,3,'WA1YD54B72N063774','2021-11-13','2021-12-19','1209600'),(661,288,2,'WA1YD64B34N597234','2021-11-15','2021-12-06','1209600'),(662,720,2,'WAU2GBFC0DN876624','2021-11-14','2021-12-23','1814400'),(663,306,2,'WAU3GBFC2DN191884','2021-11-03','2021-12-27','1814400'),(664,778,2,'WAUAF68E65A015090','2021-11-06','2021-12-23','1209600'),(665,448,2,'WAUAF68EX5A347775','2021-11-09','2021-12-21','1209600'),(666,65,1,'WAUAFAFC3CN765623','2021-11-13','2021-12-25','2629743'),(667,588,1,'WAUAFAFC7CN204261','2021-11-17','2021-12-22','1209600'),(668,976,4,'WAUAFAFH0DN672717','2021-11-01','2021-12-15','2629743'),(669,504,1,'WAUAFAFL1FA076868','2021-11-11','2021-12-15','1209600'),(670,623,1,'WAUAFAFL7EN821453','2021-11-06','2021-12-18','2629743'),(671,385,3,'WAUAH94F17N812952','2021-11-25','2021-12-24','2629743'),(672,431,4,'WAUAKAFB3BN456395','2021-11-10','2022-01-03','1209600'),(673,878,3,'WAUAT48HX5K112827','2021-11-22','2021-12-20','1209600'),(674,562,3,'WAUAVAFD9CN535791','2021-11-23','2021-12-08','1209600'),(675,202,3,'WAUBF48H08K808533','2021-11-01','2021-12-27','1814400'),(676,199,4,'WAUBF48H18K660702','2021-11-06','2021-12-21','1209600'),(677,920,3,'WAUBF98E38A363505','2021-11-17','2022-01-04','2629743'),(678,506,2,'WAUBFAFL7DA966020','2021-11-14','2021-12-03','1814400'),(679,774,3,'WAUBG78EX6A555423','2021-11-19','2021-12-27','1814400'),(680,81,2,'WAUBH74F68N291883','2021-11-30','2021-12-16','2629743'),(681,723,2,'WAUBNAFB0BN895050','2021-11-13','2021-12-24','1209600'),(682,506,1,'WAUBNAFB7AN973631','2021-11-26','2021-12-31','1814400'),(683,837,2,'WAUCFAFH0BN660346','2021-11-13','2021-12-08','2629743'),(684,975,2,'WAUCFAFHXBN202121','2021-11-25','2021-12-05','1814400'),(685,850,4,'WAUCVAFR4CA757263','2021-11-04','2021-12-13','1814400'),(686,741,2,'WAUDC68D41A537577','2021-11-11','2021-12-05','1209600'),(687,248,2,'WAUDF78E25A415795','2021-11-27','2021-12-27','1209600'),(688,869,4,'WAUDF98E18A509411','2021-11-24','2021-12-29','1209600'),(689,298,3,'WAUDFAFLXFN259272','2021-11-02','2021-12-23','2629743'),(690,410,2,'WAUDGBFL2DA449235','2021-11-11','2021-12-02','1209600'),(691,432,4,'WAUDH48H49K347003','2021-11-03','2021-12-19','1814400'),(692,11,3,'WAUDH48H99K519445','2021-11-07','2021-12-29','1814400'),(693,95,3,'WAUDH68D41A426982','2021-11-13','2021-12-10','1814400'),(694,238,3,'WAUDH78EX6A696465','2021-11-18','2021-12-05','1814400'),(695,883,3,'WAUDH98E16A032079','2021-11-25','2021-12-15','1209600'),(696,36,3,'WAUDK78TX9A643222','2021-11-07','2021-12-08','1814400'),(697,798,1,'WAUDV74F07N978356','2021-11-11','2021-12-29','2629743'),(698,152,2,'WAUED64BX1N064895','2021-11-20','2021-12-16','2629743'),(699,134,4,'WAUEFAFL2BN525141','2021-11-21','2021-12-27','1814400'),(700,887,1,'WAUEFAFL4EN779325','2021-11-09','2021-12-26','1814400'),(701,596,1,'WAUEFBFL4BN319342','2021-11-18','2021-12-03','1814400'),(702,605,3,'WAUEFBFL8AN011623','2021-11-11','2021-12-01','1209600'),(703,707,2,'WAUEH48HX8K923213','2021-11-14','2021-12-21','2629743'),(704,373,4,'WAUEH64B71N913370','2021-11-28','2021-12-19','1814400'),(705,500,4,'WAUEH74F18N137742','2021-11-09','2021-12-06','1209600'),(706,365,1,'WAUEL74F36N239992','2021-11-28','2021-12-07','1814400'),(707,169,3,'WAUET48H65K689047','2021-11-01','2021-12-26','1209600'),(708,301,4,'WAUFFAFL0DN162152','2021-11-25','2021-12-13','1209600'),(709,457,4,'WAUFFAFM2AA893077','2021-11-19','2021-12-10','2629743'),(710,795,2,'WAUFFBFL0BN902009','2021-11-19','2021-12-24','2629743'),(711,422,2,'WAUFGAFB1AN363946','2021-11-29','2021-12-06','1209600'),(712,529,1,'WAUFGAFC8FN347307','2021-11-12','2021-12-07','1209600'),(713,478,1,'WAUFMAFC6EN987913','2021-11-01','2021-12-04','2629743'),(714,279,3,'WAUGF98K79A136086','2021-11-20','2021-12-16','2629743'),(715,644,4,'WAUGL68E25A247740','2021-11-03','2021-12-07','1814400'),(716,868,2,'WAUGL78E05A691186','2021-11-06','2021-12-06','1209600'),(717,383,3,'WAUGL78E28A074361','2021-11-25',NULL,'1814400'),(718,386,3,'WAUGU44D93N959229','2021-11-22','2021-12-01','2629743'),(719,570,3,'WAUHE98P59A298284','2021-11-13','2021-12-08','1814400'),(720,242,3,'WAUHE98PX9A637802','2021-11-07','2021-12-09','1209600'),(721,825,2,'WAUHF98P88A063440','2021-11-15','2021-12-22','1814400'),(722,894,2,'WAUHFAFL7EN605309','2021-11-01','2021-12-08','1814400'),(723,926,4,'WAUHFBFL8DN562023','2021-11-06','2022-01-04','1209600'),(724,938,1,'WAUHGBFCXCN242651','2021-11-21','2021-12-16','1814400'),(725,269,4,'WAUJC58E64A703284','2021-11-15','2021-12-30','2629743'),(726,302,4,'WAUJF98K09N117619','2021-11-11','2021-12-14','2629743'),(727,131,4,'WAUJF98K09N209801','2021-11-20','2021-12-04','1209600'),(728,982,1,'WAUJFAFH7AN453992','2021-11-07','2021-12-23','1209600'),(729,859,4,'WAUJT54B63N401464','2021-11-23','2021-12-06','1814400'),(730,684,4,'WAUKD98P86A531207','2021-11-21','2021-12-02','2629743'),(731,136,4,'WAUKD98PX7A016209','2021-11-10','2021-12-28','2629743'),(732,418,3,'WAUKF68E15A342131','2021-11-24','2021-12-13','2629743'),(733,257,2,'WAUKFAFL9DA137241','2021-11-15','2021-12-10','2629743'),(734,450,2,'WAUKFBFL2DA970224','2021-11-07','2022-01-03','1814400'),(735,80,2,'WAUKFBFL8EN717919','2021-11-04','2021-12-18','1814400'),(736,40,1,'WAUKFBFLXEA147736','2021-11-06','2022-01-02','1814400'),(737,984,4,'WAUKG78E86A311365','2021-11-13',NULL,'2629743'),(738,679,3,'WAUKH94F06N993450','2021-11-10','2021-12-20','1209600'),(739,708,1,'WAULC58E05A659471','2021-11-29','2021-12-26','1209600'),(740,878,1,'WAULC58E23A099417','2021-11-18','2021-12-29','1814400'),(741,329,1,'WAULC58E25A872485','2021-11-14','2021-12-19','1814400'),(742,636,3,'WAULC68E42A657093','2021-11-30','2021-12-07','1814400'),(743,261,2,'WAULD54B72N404863','2021-11-05','2021-12-19','1814400'),(744,332,1,'WAULFAFH8DN010733','2021-11-06','2021-12-27','2629743'),(745,157,3,'WAULT68E42A893923','2021-11-19','2021-12-09','2629743'),(746,49,4,'WAULT68E74A753433','2021-11-12','2021-12-29','1814400'),(747,33,3,'WAULVBFR0CA067693','2021-11-20','2021-12-26','1814400'),(748,506,2,'WAUMFBFL2DN268714','2021-11-09','2021-12-06','1209600'),(749,741,4,'WAUMGAFL7DA945190','2021-11-12','2021-12-04','1814400'),(750,283,3,'WAUMGBFL5AA064702','2021-11-07','2021-12-26','1209600'),(751,867,1,'WAUML44D23N057947','2021-11-11','2021-12-16','2629743'),(752,735,4,'WAUMR44E86N645833','2021-11-09','2021-12-05','1814400'),(753,581,3,'WAUNE78P28A355711','2021-11-26','2021-12-31','1209600'),(754,645,4,'WAUNF78P66A893564','2021-11-13','2021-12-18','1209600'),(755,960,3,'WAUNF78P67A558046','2021-11-16','2022-01-04','1209600'),(756,646,4,'WAUNF98P68A075606','2021-11-05','2022-01-03','1209600'),(757,962,4,'WAUPFAFM0AA708089','2021-11-03',NULL,'1209600'),(758,228,1,'WAUPFBFMXBA409197','2021-11-23','2021-12-25','1209600'),(759,353,1,'WAURFAFR2AA054006','2021-11-19','2021-12-02','1814400'),(760,47,2,'WAURFAFR3BA150423','2021-11-17','2021-12-30','1209600'),(761,125,1,'WAURVAFA0AN679882','2021-11-27','2021-12-06','1209600'),(762,688,2,'WAUSG74F39N254214','2021-11-10','2021-12-10','1814400'),(763,400,1,'WAUSH78E08A645972','2021-11-17','2021-12-09','1209600'),(764,486,3,'WAUSH94F67N066373','2021-11-07','2021-12-21','1209600'),(765,946,4,'WAUSH98E76A282580','2021-11-20','2021-12-20','1814400'),(766,502,4,'WAUTFAFH5CN446969','2021-11-16','2021-12-14','2629743'),(767,47,3,'WAUUL98E28A725440','2021-11-02','2021-12-21','1814400'),(768,203,2,'WAUVC58E03A317668','2021-11-06','2021-12-24','1814400'),(769,802,2,'WAUVC68E43A600757','2021-11-21','2021-12-16','1814400'),(770,255,3,'WAUVC68E54A383950','2021-11-03','2021-12-09','1814400'),(771,636,4,'WAUVFAFR8BA009006','2021-11-28','2021-12-23','2629743'),(772,552,4,'WAUVT58E64A000074','2021-11-11',NULL,'1209600'),(773,649,2,'WAUVT68E13A370837','2021-11-05','2021-12-03','1814400'),(774,172,1,'WAUVT68E32A590849','2021-11-28','2021-12-05','2629743'),(775,320,4,'WAUWFAFH5CN041532','2021-11-25',NULL,'2629743'),(776,597,2,'WAUWGAFB3BN122360','2021-11-23','2021-12-12','2629743'),(777,99,2,'WAUWGBFB6BN714115','2021-11-18','2022-01-02','2629743'),(778,649,3,'WAUXU54BX3N055376','2021-11-30','2021-12-03','2629743'),(779,249,1,'WBA3A5C54CF413410','2021-11-08','2021-12-12','1814400'),(780,669,1,'WBA3A5C55FF533575','2021-11-13','2021-12-10','1814400'),(781,691,1,'WBA3A5C58EJ596763','2021-11-20','2021-12-18','2629743'),(782,297,3,'WBA3A5C5XEJ288395','2021-11-14','2021-12-28','1814400'),(783,115,4,'WBA3A5G56DN288122','2021-11-09','2021-12-08','1814400'),(784,794,4,'WBA3A9C54CF145806','2021-11-06','2021-12-08','2629743'),(785,396,1,'WBA3B5C58DF287826','2021-11-04','2021-12-05','2629743'),(786,41,2,'WBA3C3C55DF350916','2021-11-05','2021-12-24','1209600'),(787,311,4,'WBA3K5C57FK079138','2021-11-06','2021-12-08','1814400'),(788,918,2,'WBA3N9C52EK064205','2021-11-18','2021-12-25','1209600'),(789,557,4,'WBA3R5C50EF410323','2021-11-05',NULL,'1209600'),(790,957,1,'WBA3T3C58EJ046283','2021-11-24','2021-12-24','1814400'),(791,93,1,'WBA3T7C54F5339986','2021-11-07','2022-01-02','1814400'),(792,220,2,'WBA3V5C54F5065154','2021-11-30','2021-12-18','1814400'),(793,977,3,'WBA3X5C52FD290589','2021-11-20','2021-12-19','2629743'),(794,565,4,'WBA3X5C53FD287393','2021-11-10','2021-12-02','1209600'),(795,757,4,'WBA6B4C51ED499519','2021-11-13','2021-12-23','1209600'),(796,118,3,'WBAAV33451F450888','2021-11-15','2021-12-27','1814400'),(797,463,2,'WBAAV33481E083460','2021-11-25','2021-12-21','1814400'),(798,756,3,'WBAAV334X1F298963','2021-11-17','2021-12-25','1814400'),(799,264,2,'WBAAV53411F138899','2021-11-25','2021-12-26','2629743'),(800,763,1,'WBABD33464P928726','2021-11-19','2021-12-21','1814400'),(802,502,2,'WBADT43472G172743','2021-11-05',NULL,'1209600'),(803,2,3,'19UUA56612A078633','2022-01-05',NULL,'1000000000');
/*!40000 ALTER TABLE `lease` ENABLE KEYS */;
UNLOCK TABLES;
/*!50003 SET @saved_cs_client      = @@character_set_client */ ;
/*!50003 SET @saved_cs_results     = @@character_set_results */ ;
/*!50003 SET @saved_col_connection = @@collation_connection */ ;
/*!50003 SET character_set_client  = utf8 */ ;
/*!50003 SET character_set_results = utf8 */ ;
/*!50003 SET collation_connection  = utf8mb4_general_ci */ ;
/*!50003 SET @saved_sql_mode       = @@sql_mode */ ;
/*!50003 SET sql_mode              = 'STRICT_TRANS_TABLES,NO_ENGINE_SUBSTITUTION' */ ;
DELIMITER ;;
/*!50003 CREATE*/ /*!50017 DEFINER=`root`@`localhost`*/ /*!50003 TRIGGER insert_lease 
    AFTER INSERT ON Lease
    FOR EACH ROW 
    BEGIN 
        UPDATE Account SET Account.lease_counter = Account.lease_counter+1 WHERE Account.id = NEW.account_id; 
    END */;;
DELIMITER ;
/*!50003 SET sql_mode              = @saved_sql_mode */ ;
/*!50003 SET character_set_client  = @saved_cs_client */ ;
/*!50003 SET character_set_results = @saved_cs_results */ ;
/*!50003 SET collation_connection  = @saved_col_connection */ ;

--
-- Table structure for table `librarian`
--

DROP TABLE IF EXISTS `librarian`;
/*!40101 SET @saved_cs_client     = @@character_set_client */;
/*!40101 SET character_set_client = utf8 */;
CREATE TABLE `librarian` (
  `account_id` int(11) NOT NULL AUTO_INCREMENT,
  `access_level` tinyint(4) NOT NULL,
  PRIMARY KEY (`account_id`),
  CONSTRAINT `librarian_ibfk_1` FOREIGN KEY (`account_id`) REFERENCES `account` (`id`)
) ENGINE=InnoDB AUTO_INCREMENT=5 DEFAULT CHARSET=latin1;
/*!40101 SET character_set_client = @saved_cs_client */;

--
-- Dumping data for table `librarian`
--

LOCK TABLES `librarian` WRITE;
/*!40000 ALTER TABLE `librarian` DISABLE KEYS */;
INSERT INTO `librarian` VALUES (1,1),(2,2),(3,3),(4,4);
/*!40000 ALTER TABLE `librarian` ENABLE KEYS */;
UNLOCK TABLES;

--
-- Table structure for table `nationality`
--

DROP TABLE IF EXISTS `nationality`;
/*!40101 SET @saved_cs_client     = @@character_set_client */;
/*!40101 SET character_set_client = utf8 */;
CREATE TABLE `nationality` (
  `id` int(11) NOT NULL AUTO_INCREMENT,
  `country` varchar(61) NOT NULL,
  PRIMARY KEY (`id`)
) ENGINE=InnoDB AUTO_INCREMENT=196 DEFAULT CHARSET=latin1;
/*!40101 SET character_set_client = @saved_cs_client */;

--
-- Dumping data for table `nationality`
--

LOCK TABLES `nationality` WRITE;
/*!40000 ALTER TABLE `nationality` DISABLE KEYS */;
INSERT INTO `nationality` VALUES (2,'Albania'),(3,'Algeria'),(4,'Andorra'),(5,'Angola'),(6,'Antigua and Barbuda'),(7,'Argentina'),(8,'Armenia'),(9,'Australia'),(10,'Austria'),(11,'Azerbaijan'),(12,'Bahamas'),(13,'Bahrain'),(14,'Bangladesh'),(15,'Barbados'),(16,'Belarus'),(17,'Belgium'),(18,'Belize'),(19,'Benin'),(20,'Bhutan'),(21,'Bolivia'),(22,'Bosnia and Herzegovina'),(23,'Botswana'),(24,'Brazil'),(25,'Brunei'),(26,'Bulgaria'),(27,'Burkina Faso'),(28,'Burundi'),(29,'Cte d\'Ivoire'),(30,'Cabo Verde'),(31,'Cambodia'),(32,'Cameroon'),(33,'Canada'),(34,'Central African Republic'),(35,'Chad'),(36,'Chile'),(37,'China'),(38,'Colombia'),(39,'Comoros'),(40,'Congo (Congo-Brazzaville)'),(41,'Costa Rica'),(42,'Croatia'),(43,'Cuba'),(44,'Cyprus'),(45,'Czechia (Czech Republic)'),(46,'Democratic Republic of the Congo'),(47,'Denmark'),(48,'Djibouti'),(49,'Dominica'),(50,'Dominican Republic'),(51,'Ecuador'),(52,'Egypt'),(53,'El Salvador'),(54,'Equatorial Guinea'),(55,'Eritrea'),(56,'Estonia'),(57,'Eswatini (formerly Swaziland)'),(58,'Ethiopia'),(59,'Fiji'),(60,'Finland'),(61,'France'),(62,'Gabon'),(63,'Gambia'),(64,'Georgia'),(65,'Germany'),(66,'Ghana'),(67,'Greece'),(68,'Grenada'),(69,'Guatemala'),(70,'Guinea'),(71,'Guinea-Bissau'),(72,'Guyana'),(73,'Haiti'),(74,'Holy See'),(75,'Honduras'),(76,'Hungary'),(77,'Iceland'),(78,'India'),(79,'Indonesia'),(80,'Iran'),(81,'Iraq'),(82,'Ireland'),(83,'Israel'),(84,'Italy'),(85,'Jamaica'),(86,'Japan'),(87,'Jordan'),(88,'Kazakhstan'),(89,'Kenya'),(90,'Kiribati'),(91,'Kuwait'),(92,'Kyrgyzstan'),(93,'Laos'),(94,'Latvia'),(95,'Lebanon'),(96,'Lesotho'),(97,'Liberia'),(98,'Libya'),(99,'Liechtenstein'),(100,'Lithuania'),(101,'Luxembourg'),(102,'Madagascar'),(103,'Malawi'),(104,'Malaysia'),(105,'Maldives'),(106,'Mali'),(107,'Malta'),(108,'Marshall Islands'),(109,'Mauritania'),(110,'Mauritius'),(111,'Mexico'),(112,'Micronesia'),(113,'Moldova'),(114,'Monaco'),(115,'Mongolia'),(116,'Montenegro'),(117,'Morocco'),(118,'Mozambique'),(119,'Myanmar (formerly Burma)'),(120,'Namibia'),(121,'Nauru'),(122,'Nepal'),(123,'Netherlands'),(124,'New Zealand'),(125,'Nicaragua'),(126,'Niger'),(127,'Nigeria'),(128,'North Korea'),(129,'North Macedonia'),(130,'Norway'),(131,'Oman'),(132,'Pakistan'),(133,'Palau'),(134,'Palestine State'),(135,'Panama'),(136,'Papua New Guinea'),(137,'Paraguay'),(138,'Peru'),(139,'Philippines'),(140,'Poland'),(141,'Portugal'),(142,'Qatar'),(143,'Romania'),(144,'Russia'),(145,'Rwanda'),(146,'Saint Kitts and Nevis'),(147,'Saint Lucia'),(148,'Saint Vincent and the Grenadines'),(149,'Samoa'),(150,'San Marino'),(151,'Sao Tome and Principe'),(152,'Saudi Arabia'),(153,'Senegal'),(154,'Serbia'),(155,'Seychelles'),(156,'Sierra Leone'),(157,'Singapore'),(158,'Slovakia'),(159,'Slovenia'),(160,'Solomon Islands'),(161,'Somalia'),(162,'South Africa'),(163,'South Korea'),(164,'South Sudan'),(165,'Spain'),(166,'Sri Lanka'),(167,'Sudan'),(168,'Suriname'),(169,'Sweden'),(170,'Switzerland'),(171,'Syria'),(172,'Tajikistan'),(173,'Tanzania'),(174,'Thailand'),(175,'Timor-Leste'),(176,'Togo'),(177,'Tonga'),(178,'Trinidad and Tobago'),(179,'Tunisia'),(180,'Turkey'),(181,'Turkmenistan'),(182,'Tuvalu'),(183,'Uganda'),(184,'Ukraine'),(185,'United Arab Emirates'),(186,'United Kingdom'),(187,'United States of America'),(188,'Uruguay'),(189,'Uzbekistan'),(190,'Vanuatu'),(191,'Venezuela'),(192,'Vietnam'),(193,'Yemen'),(194,'Zambia'),(195,'Zimbabwe');
/*!40000 ALTER TABLE `nationality` ENABLE KEYS */;
UNLOCK TABLES;

--
-- Table structure for table `resourceinstance`
--

DROP TABLE IF EXISTS `resourceinstance`;
/*!40101 SET @saved_cs_client     = @@character_set_client */;
/*!40101 SET character_set_client = utf8 */;
CREATE TABLE `resourceinstance` (
  `resource_code` varchar(17) NOT NULL,
  `edition_id` int(11) NOT NULL,
  `institution_id` int(11) NOT NULL,
  PRIMARY KEY (`resource_code`),
  KEY `edition_id` (`edition_id`),
  KEY `institution_id` (`institution_id`),
  CONSTRAINT `resourceinstance_ibfk_1` FOREIGN KEY (`edition_id`) REFERENCES `edition` (`id`),
  CONSTRAINT `resourceinstance_ibfk_2` FOREIGN KEY (`institution_id`) REFERENCES `institution` (`id`)
) ENGINE=InnoDB DEFAULT CHARSET=latin1;
/*!40101 SET character_set_client = @saved_cs_client */;

--
-- Dumping data for table `resourceinstance`
--

LOCK TABLES `resourceinstance` WRITE;
/*!40000 ALTER TABLE `resourceinstance` DISABLE KEYS */;
INSERT INTO `resourceinstance` VALUES ('137FA90371E309820',239,8),('19UUA56612A078633',133,7),('19UUA56621A903772',59,4),('19UUA56641A981289',176,1),('19UUA56873A335667',399,1),('19UUA65576A993913',386,7),('19UUA76648A717463',151,1),('19UUA8F23BA906518',302,3),('19UUA8F52EA052815',326,9),('19UUB2F71FA327121',68,10),('19UYA42461A635759',250,6),('19VDE1F31DE696707',399,5),('19XFA1E8XBE427031',424,4),('19XFB4F33EE242227',102,4),('19XFB4F36EE850484',227,4),('19XFB4F37EE646809',413,5),('1B3CB1HA6BD844745',340,5),('1B3CB4HA1AD953968',479,9),('1B3CC1FB9AN210038',35,2),('1B3CC4FB8AN547656',35,4),('1C3BC8EGXBN274644',116,5),('1C3BCBFG3EN956278',375,2),('1C3BCBFG6CN739434',71,10),('1C3CCBAB6CN814892',400,2),('1C3CDFCB4ED361723',144,6),('1C4NJPBA2DD718245',365,5),('1C4RDJDG1FC620663',294,10),('1C4RDJEG4FC923905',381,7),('1C4RJEAG7FC404627',166,9),('1C6RD7FP4CS118755',307,3),('1C6RD7LP6CS804672',362,1),('1D4PT4GX3BW693505',415,7),('1D4PT6GX0AW955622',11,8),('1D4PT7GX1BW786069',89,9),('1D4PU4GK2BW418578',268,2),('1D4RD4GG7BC870015',264,5),('1D4RD5GG6BC530814',262,7),('1D7CE3GK9AS379034',80,9),('1D7CW3BK1AS636627',60,2),('1D7CW3BK9AS673747',175,1),('1D7RB1CP5AS262057',164,5),('1D7RE3GK5BS755319',260,4),('1D7RV1CP1BS260511',177,8),('1D7RV1CPXAS707691',299,7),('1D7RV1GP0AS346076',315,3),('1D7RV1GP3BS020130',122,6),('1D7RV1GP4BS980492',243,4),('1D7RV1GT8BS002106',299,3),('1D7RW3GK5BS006372',484,10),('1FA6P0G79F5444987',384,1),('1FADP5CUXEL765544',305,2),('1FAHP2DW1CG835230',324,4),('1FAHP2DW5CG490137',138,2),('1FAHP2DWXCG747499',209,3),('1FAHP3DN7AW659087',375,5),('1FAHP3ENXAW527150',319,9),('1FBAX2CM1FK217355',187,4),('1FMCU4K3XCK411696',129,6),('1FMEU7DEXAU909620',213,3),('1FT7W2A69EE754663',429,5),('1FTEW1CM6DK037831',413,2),('1FTEW1CM6EK773718',441,3),('1FTEW1CM8EK625411',257,7),('1FTEW1CM9DK754644',311,1),('1FTEX1C88AK457036',384,6),('1FTEX1C89AF844221',410,7),('1FTEX1CM0DF297311',337,2),('1FTEX1CM3DK538530',107,5),('1FTEX1CMXCF798270',377,3),('1FTEX1E80AK670544',199,6),('1FTEX1E8XAF012965',170,1),('1FTEX1EW7AK369395',89,4),('1FTFW1E82AK806115',186,3),('1FTFW1E85AF763401',279,5),('1FTKR1AD4AP947778',277,8),('1FTMF1CW3AF522090',456,9),('1FTMF1EW1AK655497',128,2),('1FTNF2B56AE723572',173,3),('1FTNS1EWXAD526873',370,2),('1FTSF3A58AE801909',193,3),('1FTSF3B58AE216598',205,9),('1FTSW2A59AE527548',435,10),('1FTSW3A52AE977340',366,7),('1FTSW3A53AE757575',154,4),('1FTSW3A55AE986291',281,5),('1FTSW3B55AE031196',158,9),('1FTSX2B59AE843172',461,8),('1FTWF3A50AE821718',114,3),('1FTWW3DY1AE069887',436,6),('1FTWX3B59AE665741',373,10),('1G4CW54K934522770',127,3),('1G4GA5EC9BF977774',242,3),('1G4GA5ER1CF282064',5,5),('1G4GA5GR8DF203391',352,6),('1G4GB5GR9EF898558',308,9),('1G4GD5ER6CF860778',49,3),('1G4GE5G3XEF492291',438,3),('1G4GF5E31DF477693',224,10),('1G4GF5G32DF738925',177,2),('1G4GG5G32DF816276',401,2),('1G4GH5G36CF858896',363,7),('1G4HC5EM7AU278600',365,2),('1G4HC5EM8BU277232',463,5),('1G4HK5ES4BU843789',156,8),('1G4HP52K434618909',127,3),('1G4HP52K434731968',422,6),('1G4HP54K144612578',181,2),('1G4HP54K654906995',319,9),('1G4HP57216U070008',322,2),('1G4HR54KX34137117',161,5),('1G4HR57Y47U734477',409,1),('1G4HR57Y98U354276',286,4),('1G6AA5RX5F0399773',189,1),('1G6AB1RX7F0450924',123,8),('1G6AB5RXXF0108620',370,8),('1G6AB5SA0E0406260',90,8),('1G6AE1R33F0193149',213,9),('1G6AE1RX9F0018035',218,9),('1G6AE5S39D0741878',165,4),('1G6AH5S35E0054986',89,1),('1G6AK5S30F0039251',257,7),('1G6AL5SX0E0281892',387,9),('1G6AL5SX6D0328275',309,5),('1G6AT5S30E0944746',129,7),('1G6AZ5S38E0462265',66,10),('1G6AZ5S38F0818134',498,5),('1G6DD8E31E0320851',104,5),('1G6DD8E34E0146094',268,9),('1G6DD8E35E0480893',255,4),('1G6DF5E52D0493318',490,8),('1G6DF5EG4A0405222',70,6),('1G6DF8EY8B0440163',244,2),('1G6DG8E33E0376426',52,2),('1G6DH577980639857',250,5),('1G6DH5EY2B0526609',51,1),('1G6DH8E5XC0428257',60,2),('1G6DJ1ED2B0492097',115,5),('1G6DJ577X80256899',107,6),('1G6DJ5EG0A0019539',36,8),('1G6DJ5EGXA0059739',7,1),('1G6DK1ED2B0522518',270,6),('1G6DK1ED5B0667469',368,7),('1G6DK5ED4B0227749',371,2),('1G6DK8ED6B0011659',190,5),('1G6DL1E36C0669303',450,1),('1G6DL5E31D0573054',164,4),('1G6DL5E3XC0638692',419,2),('1G6DL8E33D0535889',477,3),('1G6DL8E36D0733253',473,5),('1G6DM1E39C0230965',314,9),('1G6DM1E39C0335280',350,1),('1G6DM57N640923421',401,1),('1G6DM5EV4A0569154',138,3),('1G6DP57V680106687',59,2),('1G6DP5ED8B0402084',118,2),('1G6DP5EV3A0165902',315,7),('1G6DS8E39C0861195',113,3),('1G6DV1EP7E0049821',303,10),('1G6DV5EP1E0406515',468,7),('1G6DV5EP3C0752773',493,5),('1G6DV5EP4A0818387',67,10),('1G6DV5EP6E0423889',460,8),('1G6DV8EP1D0387884',478,4),('1G6DV8EP6D0780280',71,2),('1G6DW67V490816973',150,4),('1G6KA5E66BU444384',229,3),('1G6KD57Y17U780313',372,9),('1G6KD57Y46U981413',319,9),('1G6KD57Y53U603841',126,8),('1G6KD5EYXAU597177',313,6),('1G6KE57Y35U600176',377,2),('1G6KE57Y94U962401',435,9),('1G6KF54943U062708',121,3),('1G6KH5EY3AU324926',277,2),('1G6KS54Y81U011809',18,8),('1G6KY54973U445763',341,4),('1G6KY54982U015500',113,9),('1G6YV36A075088540',113,8),('1GD010CG6BF278581',227,9),('1GD01ZCG5EF659699',85,9),('1GD01ZCG7CF031625',24,4),('1GD020CG1BF682059',476,6),('1GD02ZCGXBZ379865',169,2),('1GD11XEG5FF863751',91,7),('1GD11ZCG2CF990385',14,2),('1GD12ZCG9BF164435',278,10),('1GD21ZCG2BZ187030',312,5),('1GD22ZCGXCZ119640',443,9),('1GD311CG6FZ280788',464,6),('1GD312CG0BF463279',137,2),('1GD312CG3BF058128',293,5),('1GD322CG4EF857255',468,8),('1GKLRKED2AJ482447',249,8),('1GKS1HE09ER361411',116,2),('1GKS1KE07DR950047',105,6),('1GKUCFDJ8AR797579',340,7),('1GT020CG1EF555563',62,2),('1GT020CG2EF446190',130,7),('1GT020CG6EF733998',448,3),('1GT022CG9EF272968',279,10),('1GT3CZBG3AF487941',38,5),('1GTCSBD98A8936057',191,7),('1GTN1TEX4DZ800103',8,7),('1GTN1TEX5CZ222995',371,9),('1GTN1TEX6BZ432360',413,2),('1GTN1UEH5FZ271519',36,1),('1GYEC63858R083976',339,8),('1GYEE23A490477898',188,1),('1GYEE437680369748',467,9),('1GYFC43569R881371',339,9),('1GYFC66878R953954',380,4),('1GYFK33279R403172',199,3),('1GYFK43549R701033',389,1),('1GYFK43868R061349',214,1),('1GYFK53239R796549',167,1),('1GYFK53259R478609',143,7),('1GYFK63857R396550',123,2),('1GYFK668X7R596576',132,5),('1GYS3GEF0BR061752',421,5),('1GYS3HEF6DR834913',260,6),('1GYS3HEF9DR226304',322,7),('1GYS3JEF5CR312456',405,8),('1GYS3JEF9ER222391',243,8),('1GYS3KEF6DR248077',51,4),('1GYS3KEF9ER082851',15,10),('1GYS4AEF3CR377352',270,2),('1GYS4EEJ7CR128595',67,7),('1GYS4HEF8DR363618',421,7),('1GYS4PKJ1FR228504',4,3),('1GYS4SKJXFR143308',472,6),('1GYUCAEF7AR305501',249,1),('1GYUKAEF3AR390162',471,5),('1GYUKEEJ0AR388350',440,1),('1GYUKKEF8AR582313',152,2),('1HGCP2E72AA195249',192,1),('1HGCR2E3XEA341703',445,7),('1HGCR2E53FA088985',114,2),('1HGCR2F34DA201059',409,10),('1HGCR6F36FA044158',54,10),('1J4AA2D16BL926799',169,6),('1LNHL9DK0DG644794',86,10),('1LNHL9DK6DG233674',351,1),('1LNHL9DR2AG878279',476,4),('1LNHL9DR8CG736540',238,7),('1N4AA5AP1AC148402',399,5),('1N4AA5AP3DC729467',242,3),('1N4AB7APXDN457240',327,4),('1N4AL2AP7CC505609',369,4),('1N4AL3AP6EC955471',437,5),('1N4AL3APXDC233354',195,4),('1N6AA0CA2BN299144',391,9),('1N6AA0CC1FN565387',12,8),('1N6AA0CC2BN635215',9,8),('1N6AA0CJ3FN978037',140,3),('1N6AA0ECXFN142370',256,5),('1N6AD0CU1EN684281',126,1),('1N6AD0CU4CN126731',153,1),('1N6AD0CU5AC096857',19,5),('1N6AD0CUXCC034373',259,5),('1N6AD0CW7FN557800',242,3),('1N6AF0KX3FN581869',354,9),('1N6AF0KX4EN432949',461,5),('1N6AF0KX4FN841566',212,4),('1N6AF0KX6EN688803',190,10),('1N6AF0KY8EN089376',74,8),('1N6AF0LX6FN888130',300,1),('1N6AF0LY5FN393572',291,1),('1N6AF0LY6EN457262',44,9),('1N6BF0KL9FN315693',336,4),('1VWAH7A30CC065882',66,3),('1YVHZ8BH2A5458907',372,8),('1YVHZ8BH6A5541174',487,1),('1ZVBP8AM2E5772866',456,1),('2B3CA5CT0AH058721',303,8),('2B3CA8CT8AH593152',242,1),('2B3CK8CT4AH638648',217,9),('2B3CL3CG7BH713217',466,6),('2C3CA1CV2AH373517',87,2),('2C3CA4CG8BH890664',395,9),('2C3CA6CT5BH233443',436,2),('2C3CCADT7CH211862',204,7),('2C3CCAGGXDH434512',455,4),('2C3CCAJG6DH616278',157,1),('2C3CCAKG3DH057013',29,2),('2C3CCARG3EH492685',110,2),('2C3CCASGXFH472137',257,1),('2C3CCAST7CH807122',206,2),('2C3CDXCT2CH251199',216,8),('2C3CDXCT6FH672332',483,4),('2C3CDXGJ7EH577026',200,3),('2C3CDXHG0FH236765',454,7),('2C3CDXHG2DH590087',196,6),('2C3CDZAT2FH950738',140,5),('2C3CDZBG8FH044935',423,1),('2C3CDZFJ9FH418099',59,3),('2C3CK3CV7AH767040',495,6),('2C3CK6CT5AH492154',352,6),('2C4RDGCG9CR731632',192,1),('2C4RDGDG2FR780898',74,4),('2C4RRGAG8ER035545',183,8),('2D4RN4DGXBR206963',454,1),('2FMDK3JCXAB629733',59,6),('2FMDK4AC2AB756398',80,5),('2FMGK5BCXAB211017',241,3),('2FMHK6DC7AB768359',139,9),('2G4G15GV9B9074936',30,9),('2G4GN5EC8B9817267',467,1),('2G4GS5EV3C9773030',344,9),('2G4GS5GX1F9470525',41,2),('2G4GS5GX9F9019522',94,10),('2G4GU5GC4B9181964',131,1),('2G4GZ5GVXB9396364',131,1),('2G4WB52K511952445',230,10),('2G61L5S3XE9546160',12,4),('2G61N5S31F9257549',228,3),('2G61V5S88F9568889',91,9),('2HNYD18224H734931',260,9),('2HNYD18246H162747',412,7),('2HNYD18613H628925',133,8),('2HNYD2H32CH710691',317,6),('2HNYD2H3XCH898330',392,2),('2LMHJ5AT5FB290197',308,1),('2LMHJ5FK6FB111309',79,1),('2T1BU4EE4BC131255',117,9),('2T1BU4EE6DC170190',238,7),('2T1BU4EE7CC131140',327,4),('2T1BURHE1EC204868',400,1),('2T1BURHE2FC111360',114,4),('2T1BURHEXEC229588',191,3),('2T1KE4EE8CC101156',299,1),('2T1KE4EEXDC301909',467,2),('2T2BK1BA2CC366014',295,10),('3A4GY5F90AT366856',19,2),('3C3CFFCR7FT233138',196,8),('3C3CFFHH9DT287022',328,5),('3C4PDCAB7ET798379',317,4),('3C4PDCBB3FT312859',434,7),('3C4PDCBB4CT103691',442,1),('3C4PDCEG7CT364949',292,3),('3C4PDCGB9FT488355',489,5),('3C4PDCGBXFT279142',131,10),('3C4PDDBG3FT276852',339,5),('3C4PDDEG7FT787413',57,7),('3C63D3CL7CG692306',342,3),('3C63D3MLXCG961798',206,8),('3C63DPML3CG150240',301,8),('3C63DPNL1CG186670',391,10),('3C63DRNL4CG049041',479,8),('3C6JD6BP9CG957448',167,4),('3C6TD5CT9CG593644',33,7),('3C6TD5HT7CG117210',302,7),('3D4PG3FG7BT555455',18,9),('3D4PH9FG9BT884027',142,6),('3D73M3CL4AG637484',237,5),('3D73M3CL5BG854253',189,2),('3D73M4CL4BG278886',484,10),('3D73Y4CL3AG874154',84,7),('3D73Y4CLXBG571566',241,5),('3D7JV1EP5AG539797',494,1),('3D7JV1EP5AG963643',386,4),('3D7TP2CT0AG014557',495,4),('3D7TP2CT0BG661235',54,3),('3D7TP2CT7BG471271',279,1),('3D7TP2CTXBG052380',418,8),('3D7TT2CT2BG083831',150,3),('3D7TT2CTXAG368338',413,7),('3D7TT2HT4AG297985',252,6),('3FAHP0CG4AR949825',278,1),('3GTU2YEJ9DG486238',174,8),('3GYEK62827G175579',174,2),('3GYEK62N35G554738',204,2),('3GYFK12219G815206',381,7),('3GYFK66N65G727859',391,2),('3GYFNBE32ES776764',350,8),('3GYFNBE35ES915625',52,4),('3GYFNDE33FS326277',250,2),('3GYFNDE37FS780418',199,2),('3GYFNEE35DS352530',224,1),('3LN6L2G98ER181241',50,2),('3LN6L2LU1ER088880',60,2),('3LN6L2LU5ER589433',340,8),('3LNHL2GC3BR161284',203,2),('3LNHL2GC3BR629904',463,4),('3MZBM1K72FM967063',96,4),('3MZBM1K78EM822432',215,5),('3MZBM1U77EM169573',184,9),('3N1AB6AP6CL713086',490,8),('3N1AB6AP8CL006829',57,7),('3N1AB7AP2FY763156',458,5),('3N1AB7AP8FY811484',226,3),('3N1BC1CPXCK012297',252,3),('3N1CN7AP2DL965697',116,4),('3N6CM0KN2FK945105',244,8),('3N6CM0KNXDK193554',75,9),('3VW1K7AJ4DM145878',134,5),('3VW467AT2DM759962',144,6),('3VW467AT8CM648508',46,6),('3VW467AT8DM283071',155,2),('3VW4A7AT3DM309591',236,3),('3VW4A7AT6DM191987',248,1),('3VW4A7AT9DM548871',362,10),('3VW4S7ATXEM783522',350,2),('3VW507AT1FM196900',228,5),('3VWF17AT6FM819087',148,3),('3VWKX7AJ1AM424559',327,1),('3VWML7AJ7EM474599',459,7),('3VWML7AJ9EM285422',167,5),('4A31K2DF0BE006733',1,4),('4A31K3DT8AE423382',439,4),('4F2CY0C71AK602636',104,2),('4F2CY0C71AK663906',235,4),('4F2CY0C73AK138054',238,1),('4F2CY0C77BK828942',368,7),('4JGCB2FE9BA788405',67,1),('4JGDA0EB1FA535801',218,2),('4T1BD1EB3DU921023',373,8),('4T1BD1EB8EU419951',210,1),('4T1BD1FK5CU454863',160,1),('4T1BD1FKXEU518379',72,3),('4T1BF1FK0DU611937',348,6),('4T1BF1FK1CU094131',231,7),('4T1BF1FK4EU688991',412,7),('4T1BF1FK4FU108432',65,10),('4T1BF1FK5DU362647',334,3),('4T1BF3EK9AU662104',99,9),('4T1BK3DB9CU873478',427,1),('4T3BA3BB0FU676152',338,7),('4T3BA3BB1BU268673',105,7),('4T3BA3BB1EU540188',427,10),('4T3BA3BB2EU870504',334,1),('4USBT33413L230062',467,4),('4USDU53487L050729',102,2),('55SWF4JB4FU040817',450,7),('55SWF4JB4FU641404',8,1),('5FNYF3H23AB006421',249,2),('5FRYD3H6XFB695887',335,7),('5FRYD3H91GB991036',301,2),('5FRYD4H45GB589708',302,2),('5FRYD4H45GB765463',8,6),('5GADV23187D121950',435,6),('5GADV33L15D091193',103,6),('5GADX23L35D818788',272,7),('5GAEV13748J945403',420,9),('5GAKRBED4CJ245583',87,3),('5GALRAEDXAJ287073',97,4),('5J8TB18568A561775',143,10),('5J8TB1H26CA481231',81,1),('5J8TB3H51EL768649',100,6),('5J8TB4H33GL380118',498,5),('5J8TB4H55EL426725',131,8),('5J8TB4H5XDL198896',409,5),('5LMJJ2H56BE134393',162,6),('5LMJJ3H5XCE749987',430,2),('5N1AA0NC1CN073286',475,10),('5N1AA0NC1FN341936',441,10),('5N1AA0NC2EN577901',48,8),('5N1AA0NC4EN430317',331,7),('5N1AA0NC9FN768085',152,3),('5N1AA0NCXFN198078',254,4),('5N1AL0MM4FC346936',139,3),('5N1AN0NU2CN146081',96,8),('5N1AN0NW3DN441659',302,6),('5N1AN0NW7DN442958',298,2),('5N1AR1NB5CC592777',117,8),('5N1AT2ML4EC761711',408,6),('5N1BA0NDXFN785054',372,5),('5N1CR2MM4EC905001',211,3),('5N1CR2MN7EC471598',78,3),('5NPDH4AE2BH386051',32,1),('5NPET4AC1AH053761',122,1),('5TDBK3EH1CS220400',224,3),('5TDBK3EH4CS930035',255,2),('5TDDCRFH3FS705004',130,3),('5TDDK3DC0FS844823',174,8),('5TDDK3DCXDS109747',203,8),('5TDDW5G19FS312254',486,10),('5TFAW5F13FX133870',368,1),('5TFBM5F18AX253022',283,9),('5TFBW5F1XAX762877',298,2),('5TFBW5F1XBX288978',184,7),('5TFBY5F15AX109674',359,7),('5TFBY5F15BX004716',178,8),('5TFCW5F13DX235949',359,1),('5UMBT93598L823429',377,1),('5UXFA53502L012547',56,4),('5UXFG8C52EL597894',31,6),('5UXFH0C55AL720905',11,4),('5UXWX5C57CL461563',323,7),('5UXZV4C52BL745792',215,1),('5UXZV8C53BL307337',314,9),('5XYZG3AB3BG608399',5,2),('5XYZT3LB1FG019575',396,10),('5YMGZ0C57DL665565',207,4),('5YMGZ0C58D0441772',201,4),('JA32U1FU1DU201447',57,2),('JA32U2FU2DU117482',245,3),('JA32X2HUXBU178418',310,1),('JA32X8HW0EU110654',144,5),('JA32X8HW3AU486596',143,9),('JA32X8HWXCU317842',102,4),('JH4CL95917C450053',84,3),('JH4CL95946C692091',461,9),('JH4CU4F69CC737767',180,7),('JH4DB75681S441428',195,1),('JH4DC23151S536956',373,7),('JH4DC53823S030325',197,4),('JH4DC53854S514216',246,4),('JH4DC54825S710811',364,5),('JH4KA96594C049732',307,6),('JH4KA96662C594194',46,6),('JH4KA96674C058552',311,8),('JH4KB26599C350884',309,8),('JH4KB2F5XBC375721',450,4),('JH4NA12642T519384',482,9),('JH4NA12645S755575',260,7),('JH4NA21631T232883',114,4),('JH4NA21634T861614',399,5),('JHMGE8G21AC157072',18,2),('JHMZE2H31BS020167',224,1),('JHMZE2H32CS243030',459,6),('JHMZE2H32CS594231',5,4),('JHMZE2H51AS929980',418,6),('JHMZE2H57DS551622',107,7),('JHMZE2H5XAS565428',164,5),('JHMZF1C47DS054883',229,3),('JHMZF1C62ES022619',374,2),('JHMZF1D45FS494067',322,10),('JHMZF1D46ES411633',129,8),('JHMZF1D6XES611240',308,5),('JM1CR2W35A0276272',124,9),('JM1CW2BL3C0737695',314,4),('JM1CW2BL8D0669864',359,1),('JM1GJ1T65E1996978',94,3),('JM1NC2EF1A0999557',127,10),('JM1NC2JF7C0888374',13,5),('JM1NC2MF9E0492672',336,6),('JM1NC2PF0F0084011',454,1),('JM1NC2PF9F0224251',377,2),('JM1NC2SF7F0376018',413,10),('JM3ER2W35A0519045',325,10),('JM3TB2BAXC0643766',37,6),('JN1AJ0HP9CM526565',217,6),('JN1AJ0HPXCM823263',398,5),('JN1AZ4EH2FM388188',40,8),('JN1AZ4EH7AM150734',22,2),('JN1AZ4EHXAM608962',238,7),('JN1BJ0HR5DM488551',95,6),('JN1BJ0HRXDM859591',194,7),('JN1CV6AP0BM014539',36,4),('JN1CV6AP1DM977372',315,10),('JN1CV6AP5AM158358',203,8),('JN1CV6AP7BM429485',493,4),('JN1CV6AP9AM371944',182,4),('JN1CV6APXFM136945',292,10),('JN1CV6EK0CM654878',262,1),('JN1CV6EK1AM792040',421,4),('JN1CV6EK1DM694257',500,1),('JN1CV6EK2AM909883',256,5),('JN1CV6EK5BM077702',291,1),('JN1CV6FE0AM479277',100,1),('JN1CV6FE1DM555500',55,3),('JN1CV6FEXBM405687',31,2),('JN8AE2KP0E9739601',492,3),('JN8AE2KP4C9867434',208,8),('JN8AS1MU9CM080319',23,6),('JN8AS5MT4AW828569',296,8),('JN8AS5MT6DW299601',71,10),('JN8AS5MT6FW815264',72,4),('JN8AZ1FY1CW741258',218,9),('JN8AZ1FY5EW727821',453,1),('JN8AZ1MU6EW411196',312,9),('JN8AZ1MUXCW400702',373,9),('JN8AZ2KR5CT779713',488,6),('JN8CS1MW2EM862071',60,10),('JTDBT4K36B1309354',343,7),('JTDBT4K3XB4769311',237,5),('JTDJTUD3XED460869',366,3),('JTDKDTB33D1233960',86,9),('JTDKDTB36D1246167',280,7),('JTDKDTB3XC1046682',47,8),('JTDKN3DP4E3861643',132,5),('JTDKN3DU2F0096831',482,10),('JTDKN3DU9F0218732',112,6),('JTDZN3EU8E3124013',136,5),('JTEBU5JR0C5026320',326,6),('JTEBU5JR0E5260167',212,1),('JTEBU5JR6A5775958',426,3),('JTEBU5JR8B5147837',208,4),('JTHBB1BA4A2646743',197,7),('JTHBB1BAXA2204615',143,6),('JTHBE1KSXA0214590',109,1),('JTHBE5C25A5614341',302,7),('JTHBE5C25D5076289',61,3),('JTHBF1D22F5685539',181,7),('JTHBF1D23F5622658',186,9),('JTHBK1GG4F2054523',497,1),('JTHBL1EF0B5370369',127,8),('JTHBP5C2XC5419607',403,10),('JTHBW1GG5E1733659',123,10),('JTHDU5EF7C5737721',57,5),('JTHFE2C26E2978257',325,9),('JTHKD5BH3E2470949',411,9),('JTJBM7FXXE5752872',365,5),('KL4CJDSB6EB011980',61,5),('KL4CJESB1DB058919',388,3),('KM8JT3AB4CU523866',198,10),('KM8JT3AC1AU538301',289,7),('KM8NU4CC9CU479762',477,2),('KMHCM3AC0AU307847',364,10),('KMHCM3AC3AU376497',274,3),('KMHCT4AE4DU856918',23,4),('KMHEC4A46FA552235',266,6),('KMHGC4DD2DU172860',107,7),('KMHGH4JF6BU281259',6,3),('KMHGH4JH3FU029668',212,4),('KMHGH4JH5CU609645',130,4),('KMHGH4JH5DU631078',483,2),('KMHHT6KD3AU379160',400,3),('KMHHT6KD9AU427633',409,3),('KMHHT6KDXDU798689',370,2),('KMHHU6KJ0FU044285',372,2),('KMHTC6AD1CU264202',151,5),('KMHTC6AD1DU887613',418,1),('KMHTC6AD3EU100520',314,5),('KMHTC6AD7DU129033',379,9),('KNADH4A30B6079502',403,7),('KNADH5A35A6746861',25,7),('KNADH5A36A6555224',254,1),('KNADM4A31C6522270',467,4),('KNAFK4A69E5013108',222,3),('KNAFT4A21D5548684',270,10),('KNAFU6A24B5684331',457,10),('KNAFX5A83E5404893',491,2),('KNALN4D71E5191383',23,8),('KNALN4D78F5387273',341,5),('KNALN4D79E5409411',499,3),('KNDJN2A22E7686512',430,3),('NM0GE9F76F1628556',481,2),('NM0KS7DN5AT091345',273,3),('SAJWA0JH3EM783053',20,8),('SAJWA2GT3EM955914',120,7),('SAJWA4DC6EM041267',280,8),('SAJWA4DC7CM253639',43,1),('SAJWA4GB5FL835607',389,10),('SAJWA6FC1E8684711',447,6),('SAJWJ0FF3F8091845',188,3),('SALAB2D40AA589420',252,9),('SALAB2V69EA182752',426,9),('SALAG2V63EA253381',437,8),('SALGR2VF0EA605434',284,10),('SALGS2TF0FA587252',329,6),('SALME1D44BA525770',455,4),('SALSF2D42DA563656',158,5),('SCBBB7ZH6DC215426',95,9),('SCBBP9ZA1CC299170',270,5),('SCBBP9ZA8DC027667',177,3),('SCBBP9ZAXCC920681',78,4),('SCBCC41N29C793712',341,2),('SCBCR73W58C026375',247,9),('SCBDR33W48C862188',64,4),('SCBDR33W78C943492',141,3),('SCBDR33W79C657434',361,3),('SCBEC9ZA4EC006776',246,6),('SCBFC7ZA3DC048718',258,3),('SCBFC7ZA7EC931173',492,10),('SCBFU7ZA9FC637644',348,5),('SCBLC31E01C711815',210,1),('SCBLC31E12C754867',347,3),('SCBLE37G36C289212',457,10),('SCBLF44J09C597073',231,2),('SCBZU25E91C879884',378,8),('SCFAB02A77G775225',184,1),('SCFAB05D39G533279',124,1),('SCFAB22381K520441',5,3),('SCFAB22383K031931',454,2),('SCFAB42363K358694',305,6),('SCFAD01A77G885381',243,7),('SCFAD02E29G989443',27,5),('SCFAD06D69G763505',13,3),('SCFBF04B17G124722',343,3),('SCFEBBBC7AG244189',114,2),('SCFEBBCF6BG481119',383,9),('SCFFBCCD7AG822759',409,9),('SCFFDAAE6CG497373',355,3),('SCFFDABE9AG312566',114,4),('SCFFDCCD7CG251349',204,5),('SCFFDCCD9AG818335',376,6),('SCFFDECN2CG045649',179,9),('SCFFDECN6CG352211',53,8),('TRUDD38J191194149',352,3),('TRUDD38J481071105',41,3),('TRURD38J381670826',135,4),('TRUTC28N521156523',384,8),('TRUTC28NX41939758',56,4),('TRUTX28N321792197',356,9),('TRUUT28N411826288',51,4),('TRUUT28NX61300710',379,9),('W04GY5GV3B1251429',324,9),('WA1AY74L78D225413',456,3),('WA1AY94L57D072525',39,3),('WA1BY94L78D388675',325,10),('WA1CFAFP6EA714152',425,7),('WA1CFAFP8CA698632',211,4),('WA1CFBFPXBA719789',160,6),('WA1CMAFE2CD434454',250,6),('WA1CMAFE3AD841700',327,5),('WA1CMAFE3CD806786',76,1),('WA1CMAFP3FA771707',439,7),('WA1CMBFP0EA600448',60,4),('WA1CV94L89D866181',391,4),('WA1DGAFP1DA874956',344,9),('WA1DGBFE1FD761918',143,1),('WA1DGBFE2CD827467',357,6),('WA1EY74L67D818681',329,10),('WA1LFAFPXBA882100',23,9),('WA1LFBFP2DA347027',480,1),('WA1LFBFP7DA515597',263,9),('WA1LKAFPXAA316092',55,7),('WA1LMAFE5ED027571',242,10),('WA1LMBFE1AD410021',311,8),('WA1LMBFE9BD279440',192,1),('WA1VFAFL2DA743300',350,1),('WA1VMBFP8EA168815',356,8),('WA1WGAFP2DA773711',191,7),('WA1WGAFP7DA852307',456,10),('WA1WYAFE7AD579214',270,3),('WA1WYBFE6AD852553',91,10),('WA1YD54B13N955519',431,6),('WA1YD54B25N125053',67,7),('WA1YD54B72N063774',163,7),('WA1YD64B34N597234',307,2),('WAU2GBFC0DN876624',169,8),('WAU3GBFC2DN191884',183,9),('WAUAF68E65A015090',493,9),('WAUAF68EX5A347775',305,9),('WAUAFAFC3CN765623',174,10),('WAUAFAFC7CN204261',294,3),('WAUAFAFH0DN672717',495,8),('WAUAFAFL1FA076868',338,2),('WAUAFAFL7EN821453',301,2),('WAUAH94F17N812952',426,1),('WAUAKAFB3BN456395',117,1),('WAUAT48HX5K112827',49,5),('WAUAVAFD9CN535791',457,8),('WAUBF48H08K808533',442,4),('WAUBF48H18K660702',273,1),('WAUBF98E38A363505',170,1),('WAUBFAFL7DA966020',43,9),('WAUBG78EX6A555423',279,1),('WAUBH74F68N291883',107,1),('WAUBNAFB0BN895050',314,10),('WAUBNAFB7AN973631',96,7),('WAUCFAFH0BN660346',131,1),('WAUCFAFHXBN202121',3,10),('WAUCVAFR4CA757263',135,7),('WAUDC68D41A537577',155,10),('WAUDF78E25A415795',122,10),('WAUDF98E18A509411',311,5),('WAUDFAFLXFN259272',1,5),('WAUDGBFL2DA449235',316,7),('WAUDH48H49K347003',56,4),('WAUDH48H99K519445',286,3),('WAUDH68D41A426982',452,10),('WAUDH78EX6A696465',424,5),('WAUDH98E16A032079',253,10),('WAUDK78TX9A643222',58,4),('WAUDV74F07N978356',296,5),('WAUED64BX1N064895',182,8),('WAUEFAFL2BN525141',182,10),('WAUEFAFL4EN779325',304,4),('WAUEFBFL4BN319342',133,7),('WAUEFBFL8AN011623',11,2),('WAUEH48HX8K923213',497,10),('WAUEH64B71N913370',42,3),('WAUEH74F18N137742',220,5),('WAUEL74F36N239992',441,8),('WAUET48H65K689047',198,4),('WAUFFAFL0DN162152',339,10),('WAUFFAFM2AA893077',395,4),('WAUFFBFL0BN902009',213,10),('WAUFGAFB1AN363946',320,4),('WAUFGAFC8FN347307',281,4),('WAUFMAFC6EN987913',389,5),('WAUGF98K79A136086',28,1),('WAUGL68E25A247740',141,7),('WAUGL78E05A691186',290,7),('WAUGL78E28A074361',394,3),('WAUGU44D93N959229',365,7),('WAUHE98P59A298284',105,4),('WAUHE98PX9A637802',66,7),('WAUHF98P88A063440',2,6),('WAUHFAFL7EN605309',308,8),('WAUHFBFL8DN562023',327,2),('WAUHGBFCXCN242651',157,3),('WAUJC58E64A703284',360,5),('WAUJF98K09N117619',202,6),('WAUJF98K09N209801',381,2),('WAUJFAFH7AN453992',148,7),('WAUJT54B63N401464',61,4),('WAUKD98P86A531207',414,8),('WAUKD98PX7A016209',466,9),('WAUKF68E15A342131',103,8),('WAUKFAFL9DA137241',40,5),('WAUKFBFL2DA970224',186,7),('WAUKFBFL8EN717919',80,2),('WAUKFBFLXEA147736',430,3),('WAUKG78E86A311365',158,10),('WAUKH94F06N993450',69,10),('WAULC58E05A659471',431,8),('WAULC58E23A099417',190,7),('WAULC58E25A872485',475,4),('WAULC68E42A657093',486,4),('WAULD54B72N404863',233,6),('WAULFAFH8DN010733',6,5),('WAULT68E42A893923',22,1),('WAULT68E74A753433',13,6),('WAULVBFR0CA067693',344,8),('WAUMFBFL2DN268714',213,10),('WAUMGAFL7DA945190',17,2),('WAUMGBFL5AA064702',332,9),('WAUML44D23N057947',430,6),('WAUMR44E86N645833',202,3),('WAUNE78P28A355711',481,6),('WAUNF78P66A893564',307,9),('WAUNF78P67A558046',464,6),('WAUNF98P68A075606',404,10),('WAUPFAFM0AA708089',17,8),('WAUPFBFMXBA409197',381,10),('WAURFAFR2AA054006',156,1),('WAURFAFR3BA150423',140,5),('WAURVAFA0AN679882',110,3),('WAUSG74F39N254214',371,4),('WAUSH78E08A645972',58,9),('WAUSH94F67N066373',144,7),('WAUSH98E76A282580',177,5),('WAUTFAFH5CN446969',132,3),('WAUUL98E28A725440',437,3),('WAUVC58E03A317668',433,3),('WAUVC68E43A600757',116,10),('WAUVC68E54A383950',479,1),('WAUVFAFR8BA009006',401,5),('WAUVT58E64A000074',496,9),('WAUVT68E13A370837',454,8),('WAUVT68E32A590849',185,4),('WAUWFAFH5CN041532',10,4),('WAUWGAFB3BN122360',124,7),('WAUWGBFB6BN714115',300,6),('WAUXU54BX3N055376',237,3),('WBA3A5C54CF413410',214,5),('WBA3A5C55FF533575',467,5),('WBA3A5C58EJ596763',232,1),('WBA3A5C5XEJ288395',488,8),('WBA3A5G56DN288122',201,9),('WBA3A9C54CF145806',318,5),('WBA3B5C58DF287826',416,3),('WBA3C3C55DF350916',432,9),('WBA3K5C57FK079138',249,5),('WBA3N9C52EK064205',187,5),('WBA3R5C50EF410323',33,8),('WBA3T3C58EJ046283',126,8),('WBA3T7C54F5339986',450,4),('WBA3V5C54F5065154',116,5),('WBA3X5C52FD290589',20,3),('WBA3X5C53FD287393',300,4),('WBA6B4C51ED499519',213,1),('WBAAV33451F450888',291,2),('WBAAV33481E083460',256,6),('WBAAV334X1F298963',88,9),('WBAAV53411F138899',410,7),('WBABD33464P928726',457,4),('WBABD53465P596994',208,2),('WBABS53403E093606',233,7),('WBABS53443J141583',2,7),('WBABV13414J622859',289,8),('WBADT43411G655904',422,3),('WBADT43472G172743',216,8),('WBADT63412C140843',57,8),('WBADW3C51DE264620',255,2),('WBADW3C53DE528632',464,4),('WBADX7C55DJ991786',156,10),('WBADX7C57DE336764',299,4),('WBAEB5C50AC523813',134,6),('WBAEH73455C029762',372,10),('WBAEN33444E244960',477,2),('WBAET37484N970062',476,1),('WBAEV33482P505332',373,4),('WBAEV53424K458259',175,7),('WBAFR7C50CC205768',194,8),('WBAFR7C56CD249428',105,3),('WBAFR7C5XCC599120',132,1),('WBAFR9C57DD301162',465,2),('WBAFU7C59CD054616',322,7),('WBAFV3C50ED008925',489,10),('WBAFV3C59ED988932',258,9),('WBAHN03568D534438',442,5),('WBAKA4C5XBC377387',107,6),('WBAKE3C57BE743728',492,3),('WBAKF5C53CE815499',494,9),('WBAKG7C53DJ385359',348,5),('WBAKX6C51BC923181',332,10),('WBAKX6C56BC738785',101,6),('WBALM73599E853754',197,3),('WBALM7C55DE353759',207,5),('WBALM7C56EE048997',158,7),('WBALW3C57CC009184',204,10),('WBALZ3C5XCD472812',47,5),('WBALZ5C51CC193928',281,4),('WBANA53505B799617',62,9),('WBANE73587B975963',310,2),('WBANU53518B452812',112,1),('WBANV13529C554881',111,1),('WBANV9C50AC898017',353,1),('WBANW53598C282316',302,10),('WBAPH5C59AA307736',156,8),('WBAPK5C5XBA261997',35,3),('WBAPM73559A540810',101,9),('WBAPM7C57AA451941',454,6),('WBASP4C54BC404601',240,10),('WBAUC9C58DV024203',219,7),('WBAUL73518V676557',279,2),('WBAUL73519V670047',255,4),('WBAUN1C56AV107944',422,2),('WBAUP7C52AV909890',336,4),('WBAUU3C51CA085361',387,8),('WBAVA33527F485998',49,7),('WBAVA33527K095801',371,8),('WBAVA33597P990348',107,9),('WBAVB13576P346170',10,3),('WBAVC73507A137678',499,9),('WBAVC73548A502204',484,7),('WBAVD53578A619079',476,7),('WBAVM1C56DV063634',110,6),('WBAVS13568F958935',352,8),('WBAWC735X9E472110',355,2),('WBAWV1C50AP300975',112,1),('WBAYB6C50DC013940',115,10),('WBAYF8C58FD286461',428,9),('WBSBL93401J020143',234,3),('WBSBL93476P052172',211,2),('WBSBR93443P962999',139,10),('WBSDE93452C274472',7,7),('WBSDE93453C011061',100,4),('WBSKG9C52DJ906563',401,10),('WBXPC93448W933324',185,3),('WD3PE7DC6F5832428',46,5),('WDCGG5GB6BF534094',165,6),('WDCYC3HF3AX546945',83,6),('WDDEJ7KB6DA179094',187,2),('WDDEJ8GB9AA689563',451,8),('WDDGF5EB7AF201726',157,1),('WDDHF2EB1DA927831',447,10),('WDDNG7DB7CA721958',482,1),('WDDUG7JB1EA513450',330,7),('WP0AA2A8XAU330191',497,5),('WP0AA2A9XBS146911',485,2),('WP0AA2A9XCS126885',285,7),('WP0AB2A9XAS248186',476,3),('WP0CA2A81BU380973',451,10),('WP0CA2A86DK721640',199,3),('WP0CB2A88CS039323',355,5),('WP1AE2A27CL541918',6,8),('WUADNAFG6BN843738',146,3),('WUADUAFG4BN669316',221,5),('WUARL48H18K041692',251,9),('WUARL48H38K308041',430,2),('WUARL48H78K071764',280,10),('WUAUUAFG3F7450163',105,1),('WUAYU48H18K326949',354,7),('WVGAV7AX3BW752409',400,8),('WVGAV7AX4AW103491',132,5),('WVGAV7AX5AW346629',492,9),('WVGAV7AX7AW315110',487,6),('WVGAV7AX7FW093580',139,2),('WVGAV7AX8AW881129',205,6),('WVGFF9BP7BD561584',297,7),('WVGFF9BP8BD749269',272,4),('WVWAB7AJ5DW024408',132,1),('WVWAB7AJ9CW856722',261,4),('WVWAN7AN0EE904708',102,3),('WVWAN7AN1EE638020',374,6),('WVWAN7AN7EE819073',122,6),('WVWED7AJ0DW418538',339,7),('WVWED7AJ2BW348392',344,1),('WVWED7AJ2DW173287',126,2),('WVWGD7AJ0EW483755',65,2),('WVWGD7AJ2EW460848',289,8),('WVWGD7AJ7EW185459',221,2),('WVWGU9AN8BE641453',25,7),('YV126MEC1F1323469',225,3),('YV126MFKXF2057630',452,7),('YV1612FHXD1811198',15,4),('YV1672MC1CJ267002',194,2),('YV1852AR4A1288527',484,10),('YV1952AS8E1186760',270,4),('YV440MBK5F1568266',494,2),('YV4902BZ9C1419927',474,8),('YV4902DZ1E2205623',463,6),('ZFBCFADH2EZ552932',349,3),('ZFBCFADH9EZ825736',420,6),('ZHWGU5AU5CL747427',417,7);
/*!40000 ALTER TABLE `resourceinstance` ENABLE KEYS */;
UNLOCK TABLES;

--
-- Table structure for table `resourceinstancehold`
--

DROP TABLE IF EXISTS `resourceinstancehold`;
/*!40101 SET @saved_cs_client     = @@character_set_client */;
/*!40101 SET character_set_client = utf8 */;
CREATE TABLE `resourceinstancehold` (
  `id` int(11) NOT NULL AUTO_INCREMENT,
  `resource_instance_id` varchar(17) NOT NULL,
  `resource_reservation_date` datetime NOT NULL,
  PRIMARY KEY (`id`),
  KEY `resource_instance_id` (`resource_instance_id`),
  CONSTRAINT `resourceinstancehold_ibfk_1` FOREIGN KEY (`resource_instance_id`) REFERENCES `resourceinstance` (`resource_code`)
) ENGINE=InnoDB DEFAULT CHARSET=latin1;
/*!40101 SET character_set_client = @saved_cs_client */;

--
-- Dumping data for table `resourceinstancehold`
--

LOCK TABLES `resourceinstancehold` WRITE;
/*!40000 ALTER TABLE `resourceinstancehold` DISABLE KEYS */;
/*!40000 ALTER TABLE `resourceinstancehold` ENABLE KEYS */;
UNLOCK TABLES;

--
-- Table structure for table `resourcetype`
--

DROP TABLE IF EXISTS `resourcetype`;
/*!40101 SET @saved_cs_client     = @@character_set_client */;
/*!40101 SET character_set_client = utf8 */;
CREATE TABLE `resourcetype` (
  `id` int(11) NOT NULL AUTO_INCREMENT,
  `type_name` varchar(255) DEFAULT NULL,
  PRIMARY KEY (`id`)
) ENGINE=InnoDB AUTO_INCREMENT=6 DEFAULT CHARSET=latin1;
/*!40101 SET character_set_client = @saved_cs_client */;

--
-- Dumping data for table `resourcetype`
--

LOCK TABLES `resourcetype` WRITE;
/*!40000 ALTER TABLE `resourcetype` DISABLE KEYS */;
INSERT INTO `resourcetype` VALUES (1,'Book'),(2,'Script'),(3,'Bulletin'),(4,'Report'),(5,'Press release');
/*!40000 ALTER TABLE `resourcetype` ENABLE KEYS */;
UNLOCK TABLES;

--
-- Table structure for table `translator`
--

DROP TABLE IF EXISTS `translator`;
/*!40101 SET @saved_cs_client     = @@character_set_client */;
/*!40101 SET character_set_client = utf8 */;
CREATE TABLE `translator` (
  `id` int(11) NOT NULL AUTO_INCREMENT,
  `lastname` varchar(40) NOT NULL,
  `firstname` varchar(60) DEFAULT NULL,
  PRIMARY KEY (`id`)
) ENGINE=InnoDB AUTO_INCREMENT=1001 DEFAULT CHARSET=latin1;
/*!40101 SET character_set_client = @saved_cs_client */;

--
-- Dumping data for table `translator`
--

LOCK TABLES `translator` WRITE;
/*!40000 ALTER TABLE `translator` DISABLE KEYS */;
INSERT INTO `translator` VALUES (1,'Purver','Faun'),(2,'Tollerton','Stacey'),(3,'Teas','Katee'),(4,'Buxcy','Bartholomew'),(5,'Scarf','Lenna'),(6,'Jirek','Moss'),(7,'Deshorts','Nerti'),(8,'Lackner','Hermann'),(9,'Bonner','Kellie'),(10,'Kivelle','Farley'),(11,'Kebell','Page'),(12,'Vandenhoff','Sayers'),(13,'Drennan','Bruno'),(14,'Sprakes','Aretha'),(15,'Curl','Currie'),(16,'Ovitts','Dayle'),(17,'Dubock','Loni'),(18,'Attkins','Liz'),(19,'Reolfo','Rheta'),(20,'Cookes','Ag'),(21,'Konerding','Myrta'),(22,'Blant','Harriett'),(23,'Otteridge','Ax'),(24,'Leachman','Carmen'),(25,'Knuckles','Georgie'),(26,'Percival','Hallie'),(27,'Wewell','Donavon'),(28,'Dorro','Ashby'),(29,'Bennison','Jarret'),(30,'Shuttle','Jeanie'),(31,'Tunnacliffe','Blondie'),(32,'Count','Ninnette'),(33,'Godridge','Kerby'),(34,'Blackmoor','Kennie'),(35,'Littlecote','Rodie'),(36,'Coulton','Marya'),(37,'Cay','Leilah'),(38,'Peaker','Meara'),(39,'Bernini','Hedwiga'),(40,'Mishow','Bernita'),(41,'McInility','Cristin'),(42,'MacAne','Fitzgerald'),(43,'Dohmer','Clem'),(44,'Shelborne','Brion'),(45,'Feighney','Zarla'),(46,'Franses','Harlen'),(47,'Rentalll','Marnia'),(48,'Fellnee','Hobard'),(49,'Stoakes','Claudetta'),(50,'Devanny','Norman'),(51,'Physic','Deck'),(52,'Cella','Brandice'),(53,'Gurry','Hashim'),(54,'Ruppelin','Ursuline'),(55,'Rowden','Jessica'),(56,'Roper','Curry'),(57,'Ovid','Misty'),(58,'McMychem','Patricia'),(59,'Cammomile','Imogen'),(60,'Gooda','Maddie'),(61,'Kimpton','Mahmud'),(62,'Wherrit','Ephraim'),(63,'Spittles','Jaimie'),(64,'Farre','Rouvin'),(65,'Shreve','Katharyn'),(66,'Aglione','Laney'),(67,'Ziem','Perle'),(68,'Snozzwell','Modestine'),(69,'Sheber','Melissa'),(70,'Hexham','Eziechiele'),(71,'Andrivot','Lenka'),(72,'Sides','Letitia'),(73,'Wiskar','Lauretta'),(74,'Minchindon','Leonhard'),(75,'Weinham','Burch'),(76,'Base','Riane'),(77,'Drowsfield','Anestassia'),(78,'Thorius','Staford'),(79,'Scardifield','Misha'),(80,'Allsop','Aurelie'),(81,'Uzzell','Nikoletta'),(82,'Mouncey','Verna'),(83,'Reddel','Vinny'),(84,'Nutley','Prisca'),(85,'Shepton','Nicolai'),(86,'Duckett','Essie'),(87,'Klagge','Aubrey'),(88,'Radmer','Meggie'),(89,'Rumbelow','Halli'),(90,'Colquite','Cass'),(91,'Kilshall','Nydia'),(92,'Louth','Michail'),(93,'McGlaud','Janna'),(94,'Gadsdon','Barth'),(95,'Lockyer','Ivett'),(96,'Cornilli','Thorny'),(97,'Yakolev','Nannette'),(98,'Heaphy','Rubia'),(99,'Agron','Tracey'),(100,'Freyn','Kellsie'),(101,'Measor','Norrie'),(102,'Lambeth','Birgit'),(103,'MacMechan','Dari'),(104,'Tyrwhitt','Norton'),(105,'Surguine','Montgomery'),(106,'Baldazzi','Zechariah'),(107,'Alesio','Zita'),(108,'Vince','Fons'),(109,'Rome','Silvano'),(110,'Polleye','Garrek'),(111,'Grishechkin','Grissel'),(112,'Mackett','Henrieta'),(113,'Hull','Odo'),(114,'Naughton','Gar'),(115,'Cartner','Mommy'),(116,'Beecraft','Monika'),(117,'Colchett','Judie'),(118,'Birdwistle','Sibeal'),(119,'Maggill\'Andreis','Cortney'),(120,'Belford','Arliene'),(121,'Bexon','Delia'),(122,'Barradell','Stanwood'),(123,'Malham','Bernadine'),(124,'Monroe','Elisa'),(125,'Hawarden','Cherri'),(126,'MacInerney','Cybill'),(127,'Jendrach','Mallorie'),(128,'Lyddy','Constantine'),(129,'Pennoni','Bastien'),(130,'Pavlishchev','Gregorius'),(131,'Portch','Shadow'),(132,'Arnson','Sandye'),(133,'Titcombe','Mattias'),(134,'McGirl','Livvie'),(135,'Leopard','Prudi'),(136,'Starr','Jerry'),(137,'Luckings','Willy'),(138,'Hayth','Lek'),(139,'Akenhead','Chip'),(140,'Garforth','Wenonah'),(141,'Godley','Ewell'),(142,'Scrymgeour','Juana'),(143,'Houdmont','Kaila'),(144,'Kaysor','Henrik'),(145,'Townsend','Carline'),(146,'Bresman','Porter'),(147,'Blincowe','Dedra'),(148,'Keningham','Shane'),(149,'Jentet','Lilia'),(150,'Poulter','Nerissa'),(151,'Behne','Afton'),(152,'Sherland','Jed'),(153,'Josowitz','Sande'),(154,'Atkin','Skell'),(155,'Tongue','Shelley'),(156,'Heater','Alessandra'),(157,'Gerok','Jerrie'),(158,'Middle','Sanford'),(159,'Laborde','Guillemette'),(160,'Woolley','Sanderson'),(161,'Gaiford','Nikita'),(162,'McKeating','Brockie'),(163,'Winear','Wallache'),(164,'Brixey','Town'),(165,'Slader','Elga'),(166,'Batterham','Fifine'),(167,'Howatt','Erhard'),(168,'Deighton','Charita'),(169,'Trueman','Gregorius'),(170,'Hessel','Selina'),(171,'Cruikshanks','Grove'),(172,'Iddy','Remy'),(173,'Mileham','Renae'),(174,'King','Marianne'),(175,'Vest','Libbie'),(176,'Spurdens','Legra'),(177,'Wethered','Shawnee'),(178,'Curling','Carmela'),(179,'Skiggs','Anna-maria'),(180,'Ferraro','Kevan'),(181,'Haberfield','Davida'),(182,'Siebart','Ardelle'),(183,'Stuke','Iormina'),(184,'Damant','Pearl'),(185,'Harriman','Lydie'),(186,'Screwton','Boothe'),(187,'Yvon','Bernadina'),(188,'Lanphier','Wendel'),(189,'Brassill','Chane'),(190,'Dalton','Yorgo'),(191,'Ewence','Rozalin'),(192,'Farryn','Kasey'),(193,'Townsend','Pamelina'),(194,'Glentworth','Mayer'),(195,'Carrodus','Briny'),(196,'Windross','Elvis'),(197,'Demko','Michaelina'),(198,'Redhills','Jamil'),(199,'Cosstick','Olivero'),(200,'Pegden','Bengt'),(201,'Eastes','Clarette'),(202,'Stearley','Patience'),(203,'Lisimore','Jany'),(204,'Fullalove','Laraine'),(205,'Luff','Abbe'),(206,'Stait','Melanie'),(207,'Archibold','Oberon'),(208,'Mushrow','Modestine'),(209,'Satch','Tove'),(210,'Membry','Denver'),(211,'Zahor','Karleen'),(212,'Thalmann','Virgie'),(213,'Hayhurst','Judie'),(214,'Proppers','Randa'),(215,'Keay','Walliw'),(216,'Ziemecki','Kyrstin'),(217,'Gallone','Catlee'),(218,'Heaven','Linn'),(219,'Gunton','Nevsa'),(220,'Alfonsetto','Abran'),(221,'Reditt','Francklin'),(222,'Woodlands','Willi'),(223,'Wasteney','Leigh'),(224,'Melesk','Pegeen'),(225,'Ondra','Hamel'),(226,'Burdytt','Carita'),(227,'Crielly','Rollins'),(228,'Tenant','Maia'),(229,'Crinage','Gaston'),(230,'Bromehead','Evy'),(231,'Danilevich','Amory'),(232,'Golly','Doloritas'),(233,'Buye','Orland'),(234,'Shorrock','Elfrieda'),(235,'Pranger','Melisandra'),(236,'Presser','Kirby'),(237,'Harmson','Alvinia'),(238,'Elves','Fraze'),(239,'Bairstow','Teresina'),(240,'Leipold','Maia'),(241,'Eighteen','Edy'),(242,'Metcalfe','Kesley'),(243,'Passion','Karlan'),(244,'Emilien','Stephen'),(245,'Winckworth','Merle'),(246,'Scudders','Mamie'),(247,'Amiable','Mitch'),(248,'Tuplin','Leora'),(249,'Spaducci','Even'),(250,'MacVean','Irwinn'),(251,'Dreigher','Alexina'),(252,'Yetman','Aeriela'),(253,'Pretious','Lorne'),(254,'Spencley','Erie'),(255,'McGonagle','Wenonah'),(256,'Hulkes','Virginie'),(257,'Indge','Mile'),(258,'Macguire','Kit'),(259,'Arnhold','Melessa'),(260,'McClune','Reginald'),(261,'Keppy','Becka'),(262,'Ofield','Alexei'),(263,'Germann','Stevana'),(264,'Whitehurst','Adah'),(265,'Hubane','Charity'),(266,'Kobierski','Gottfried'),(267,'Oakenfield','Ophelie'),(268,'Grange','Crawford'),(269,'Thunnercliff','Gilberto'),(270,'Roddick','Alyse'),(271,'Smorfit','Danit'),(272,'Dorton','Charin'),(273,'Paish','Kristal'),(274,'Gabb','Annemarie'),(275,'Tolle','Sandye'),(276,'Fresson','Jilleen'),(277,'Schonfeld','Benjy'),(278,'Prattington','Heather'),(279,'Negus','Maddalena'),(280,'Philpott','Brien'),(281,'Eyckel','Ami'),(282,'Tobin','Ola'),(283,'Bidwell','Dulciana'),(284,'Coal','Horace'),(285,'Tiffin','Mordy'),(286,'O\' Borne','Marina'),(287,'Antonescu','Joel'),(288,'Geoghegan','Hazel'),(289,'Moneypenny','Augy'),(290,'Kalkhoven','Lorenza'),(291,'Baddow','Dniren'),(292,'Cortes','Shermy'),(293,'Osgodby','Aylmer'),(294,'Friman','Horacio'),(295,'Skydall','Perceval'),(296,'Redd','Davon'),(297,'De Roeck','Karlyn'),(298,'Coram','Bunny'),(299,'Pillington','Adina'),(300,'Le Gallo','Katerina'),(301,'Foffano','Lionel'),(302,'Murr','Graeme'),(303,'Bambra','Westleigh'),(304,'McCallam','Elayne'),(305,'Valiant','Sherri'),(306,'Carme','Marianna'),(307,'Breckwell','Bartlet'),(308,'McCraw','Nicholle'),(309,'Zanassi','Angus'),(310,'Dudney','Gerik'),(311,'Clipsham','Mike'),(312,'Ouldcott','Holmes'),(313,'Garcia','Gregoire'),(314,'Kennefick','Abram'),(315,'Junifer','Grace'),(316,'Idle','Sebastian'),(317,'Collingworth','Gibbie'),(318,'Dracksford','Kenny'),(319,'Coleman','Bary'),(320,'Manston','Georgeta'),(321,'Seelbach','Wilmette'),(322,'Choldcroft','Patton'),(323,'Strongman','Danyette'),(324,'Mailes','Eulalie'),(325,'Adam','Titus'),(326,'Cullinan','Helge'),(327,'Brekonridge','Kinna'),(328,'Serotsky','Daphne'),(329,'Matiebe','Martha'),(330,'Ourtic','Cathrine'),(331,'Bentz','Ingamar'),(332,'Lehrmann','Bobby'),(333,'McKniely','Pammy'),(334,'Tumayan','Latrina'),(335,'Orkney','Zonda'),(336,'Armer','Joelle'),(337,'Cowling','Chic'),(338,'Underdown','Cyrus'),(339,'Crippen','Kingsley'),(340,'Wellbank','Sal'),(341,'Wakeford','Teri'),(342,'Digle','Daffi'),(343,'Ballintyne','Gearard'),(344,'Georgi','Marsiella'),(345,'Morlon','Ranice'),(346,'Bullimore','Cyrus'),(347,'Pottie','Kim'),(348,'Van Der Weedenburg','Aubert'),(349,'Cardall','Fleur'),(350,'Perel','Arley'),(351,'Deniskevich','Alphard'),(352,'Schistl','Nissa'),(353,'Heakins','Janifer'),(354,'Hawkswood','Sadie'),(355,'Stickel','Marianna'),(356,'Temblett','Baldwin'),(357,'Abercrombie','Gannon'),(358,'MacKowle','Clemence'),(359,'Sherwell','Land'),(360,'Balshen','Saba'),(361,'Osmar','Raddie'),(362,'Plumbley','Birdie'),(363,'Eriksson','Munroe'),(364,'Kingswood','Guillermo'),(365,'MacNamara','Nickie'),(366,'Branchett','Muffin'),(367,'Ruzek','Felicity'),(368,'Doret','Portia'),(369,'Dagwell','Amandie'),(370,'McKendry','Leroy'),(371,'Chaston','Bette-ann'),(372,'Goaks','Mariellen'),(373,'Karpfen','Fancy'),(374,'Vasishchev','Tobey'),(375,'Bauchop','Mechelle'),(376,'Duell','Dino'),(377,'Cyseley','Wolfie'),(378,'Merriment','Darius'),(379,'Dall','Batholomew'),(380,'Anthona','Cassaundra'),(381,'Affleck','Caitrin'),(382,'Errowe','Verina'),(383,'Piken','Babita'),(384,'Awty','Xerxes'),(385,'Janku','Sande'),(386,'McMeekan','Sheelah'),(387,'Hartzenberg','Westbrook'),(388,'Shoard','Kris'),(389,'Branney','Stephie'),(390,'Blunn','Valene'),(391,'Willment','Ivett'),(392,'Pech','Evin'),(393,'Daskiewicz','Marchall'),(394,'Bullivent','Abelard'),(395,'Sedwick','Lindsey'),(396,'Latour','Ardys'),(397,'Reeders','Derward'),(398,'Bracco','Murielle'),(399,'Ebbutt','Addie'),(400,'Antonijevic','Sandye'),(401,'Pattinson','Haven'),(402,'Hornbuckle','Tedmund'),(403,'Reef','Ulrikaumeko'),(404,'Alfuso','Edward'),(405,'Gamage','Stacie'),(406,'Ebanks','Henrie'),(407,'Carnachen','Raffarty'),(408,'Pummery','Mitzi'),(409,'Mugford','Ardith'),(410,'Matovic','Marty'),(411,'Peers','Janifer'),(412,'Critoph','Timoteo'),(413,'Gladyer','Devon'),(414,'Kitteringham','Brit'),(415,'Domney','Carline'),(416,'Patching','Jillana'),(417,'Leechman','Corby'),(418,'Wheal','Filippo'),(419,'Penright','Mary'),(420,'Cunniff','Claybourne'),(421,'McCreagh','Aurore'),(422,'Feldmus','Freddy'),(423,'Hammon','Sidney'),(424,'Linne','Sherill'),(425,'Grim','Regan'),(426,'Seamans','Joela'),(427,'Feely','Hermann'),(428,'Bundy','Julie'),(429,'Rudall','Demetre'),(430,'Buttner','Roley'),(431,'Mottinelli','Ade'),(432,'Rentoll','Caitrin'),(433,'Testin','Innis'),(434,'Mulvany','Hunfredo'),(435,'Cremin','Whittaker'),(436,'Cowperthwaite','Ranice'),(437,'McGeneay','Gabriel'),(438,'Goldin','Livvyy'),(439,'Hughman','Esme'),(440,'Dumphy','Lurette'),(441,'Daybell','Hatty'),(442,'Dayley','Lenna'),(443,'Renoden','Mallissa'),(444,'Asmus','Romy'),(445,'Kwietek','Suki'),(446,'Loalday','Lawton'),(447,'Bollum','Marianna'),(448,'Haseley','Torry'),(449,'Crawshay','Patric'),(450,'Cooley','Karla'),(451,'Breawood','Frederick'),(452,'Tydeman','Jone'),(453,'Cheng','Blithe'),(454,'Jurek','Adi'),(455,'Vossing','Elane'),(456,'Worsnop','Dominique'),(457,'MacKenney','Bria'),(458,'Gillie','Robinett'),(459,'Bariball','Boony'),(460,'Yurocjkin','Clarabelle'),(461,'Fidoe','Goldarina'),(462,'Abrahm','Mable'),(463,'Verissimo','Nellie'),(464,'Stephens','Fionna'),(465,'Pierucci','Tan'),(466,'Milham','Kip'),(467,'Dorkin','Bourke'),(468,'Bickersteth','Lucine'),(469,'Fedorski','Paulina'),(470,'Eborall','Kathye'),(471,'Bridgeman','Brynn'),(472,'Jakovijevic','Nefen'),(473,'Kordt','Laure'),(474,'Sterke','Cos'),(475,'Kebell','Ethelbert'),(476,'Petrov','Orsa'),(477,'Gridon','Annelise'),(478,'Thews','Katya'),(479,'Hyndson','Caresa'),(480,'Demeza','Townie'),(481,'Laise','Dede'),(482,'Anslow','Dietrich'),(483,'Hugueville','Amber'),(484,'Eldridge','Yehudit'),(485,'Gagan','Moise'),(486,'Treharne','Luci'),(487,'Hollyland','Josias'),(488,'Caughan','Colan'),(489,'Andrin','Richmound'),(490,'Koppeck','Noell'),(491,'Firth','Robbyn'),(492,'Fihelly','Della'),(493,'Dillicate','Dru'),(494,'Orable','Patrice'),(495,'Frediani','Marcela'),(496,'Roussel','Zaneta'),(497,'Bartomieu','Leroi'),(498,'Spanton','Redd'),(499,'Greathead','Genevieve'),(500,'Grossier','Bail'),(501,'Gallemore','Loni'),(502,'Earnshaw','Brewster'),(503,'Reek','Charline'),(504,'Meadowcroft','Kerstin'),(505,'McPhillimey','Georgeta'),(506,'Clissell','Hewet'),(507,'Featherstonehaugh','Dee dee'),(508,'Klamp','Adolf'),(509,'Bardwell','Flem'),(510,'Somes','Dorotea'),(511,'Panton','Carita'),(512,'Norree','Thain'),(513,'Farady','Dougy'),(514,'Georgeon','Alison'),(515,'Leithgoe','Raimondo'),(516,'Checcuzzi','Tessie'),(517,'Yannoni','Sol'),(518,'Urvoy','Sanders'),(519,'Marians','Yetty'),(520,'O\'Hannigan','Joseito'),(521,'Sillitoe','Horten'),(522,'MacElane','Eadie'),(523,'Lugton','Orelle'),(524,'Elcocks','Jillian'),(525,'Fullard','Bertrand'),(526,'Larmett','Frazer'),(527,'Bridgewood','Locke'),(528,'Bonnaire','Horatius'),(529,'Macvain','Worthington'),(530,'Wapple','Zerk'),(531,'Bonnick','Caressa'),(532,'Beaston','Humfrey'),(533,'Frogley','Martyn'),(534,'Kindell','Kimble'),(535,'Hutt','Hardy'),(536,'Wasielewicz','Buddie'),(537,'Klemz','Valerye'),(538,'Book','Nancee'),(539,'Leere','Iosep'),(540,'Neaverson','Meredithe'),(541,'Kyne','Yale'),(542,'Chatfield','Rhonda'),(543,'Yggo','Marjie'),(544,'Matteo','Bettina'),(545,'Leidl','Gregorio'),(546,'Hernik','Luz'),(547,'Craiker','Ewen'),(548,'Soonhouse','Kara'),(549,'Corn','Rozamond'),(550,'Girvan','Hakim'),(551,'Temporal','Maison'),(552,'Yukhnini','Kenon'),(553,'Bayston','Eleanor'),(554,'Gwyllt','Luciana'),(555,'Braisby','Betsey'),(556,'Bloggett','Catriona'),(557,'Coners','Corrine'),(558,'Guest','Conant'),(559,'Bromont','Chickie'),(560,'Secker','Tracie'),(561,'Patman','Marylin'),(562,'Kightly','Cherry'),(563,'Conichie','Chick'),(564,'Basili','Christal'),(565,'Leyborne','Rooney'),(566,'Tebbs','Elicia'),(567,'Rassmann','Saunder'),(568,'Scedall','Maitilde'),(569,'Brumen','Karena'),(570,'Chalice','Tabina'),(571,'Driscoll','Gail'),(572,'Gatward','Corie'),(573,'Dark','Angele'),(574,'Brockwell','Irena'),(575,'Louys','Rozalie'),(576,'Trinkwon','Katlin'),(577,'Magwood','Salomi'),(578,'Deadman','Charlean'),(579,'Persehouse','Johnnie'),(580,'MacInherney','Marcella'),(581,'Classen','Sherman'),(582,'Romeril','Rick'),(583,'Prydden','Jazmin'),(584,'Revington','Nichol'),(585,'Posselow','Clemmy'),(586,'Bracher','Korey'),(587,'Budik','Amanda'),(588,'Lardge','Lu'),(589,'Casiero','Gaylor'),(590,'Ropking','Julieta'),(591,'Anstiss','Jannelle'),(592,'Klampt','Bogart'),(593,'Fabry','Brynna'),(594,'Rawstorne','Patric'),(595,'MacGaughie','Cthrine'),(596,'Morman','Ashley'),(597,'Cerman','Maggie'),(598,'Attenbrow','Cleveland'),(599,'Cassell','Guthrey'),(600,'MacKenzie','Gabriellia'),(601,'Zoephel','Zacherie'),(602,'Filipponi','Kenon'),(603,'Blandamere','Marjory'),(604,'Marc','Anders'),(605,'Fishwick','Klement'),(606,'Balmer','Cherin'),(607,'Shoesmith','Augie'),(608,'Withams','Marnia'),(609,'Shilton','Floria'),(610,'Wilcocks','Adan'),(611,'Widdowson','Kendell'),(612,'Salzberg','Cris'),(613,'Pennuzzi','Benedicta'),(614,'Hallum','Raimundo'),(615,'Colwill','Aubrie'),(616,'Votier','Veradis'),(617,'Collister','Westley'),(618,'Poat','Berri'),(619,'Sparkwell','Tab'),(620,'Nelthrop','Kenna'),(621,'Trewhella','Carly'),(622,'Oakden','Walsh'),(623,'McCaughey','Mag'),(624,'Hoppner','Marline'),(625,'Danielsson','Brigida'),(626,'Raselles','Jim'),(627,'Gaggen','Gard'),(628,'Habard','Bryna'),(629,'Bassill','Jennette'),(630,'Putton','Evy'),(631,'Zuanazzi','Anselma'),(632,'Delort','Vite'),(633,'Grundy','Pearce'),(634,'Wannan','Haslett'),(635,'Duchesne','Tildi'),(636,'Kynman','Willy'),(637,'Harder','Merline'),(638,'Antognelli','Chaunce'),(639,'Houndson','Reese'),(640,'Waterson','Sunny'),(641,'Heining','Hanson'),(642,'Horry','Hiram'),(643,'Hulstrom','Olga'),(644,'Whittington','Cosimo'),(645,'Hirtz','Alisa'),(646,'Fillon','Denis'),(647,'Moger','Olivier'),(648,'Manger','Doralin'),(649,'Beningfield','Rolf'),(650,'Mart','Sharl'),(651,'Caff','Tobey'),(652,'Mangeney','Lin'),(653,'Malmar','Babbette'),(654,'Beedle','Ferrel'),(655,'Robet','Sofie'),(656,'Matusson','Urbain'),(657,'Gold','Ashlie'),(658,'Canniffe','Karola'),(659,'Fulstow','Guenevere'),(660,'Beaconsall','Xenos'),(661,'Schooley','Natasha'),(662,'Treweela','Finn'),(663,'Barwis','Osmund'),(664,'Gauson','Faunie'),(665,'Gallon','Jillana'),(666,'McDunlevy','Gordie'),(667,'Tackle','Rosalind'),(668,'Aldins','Nelie'),(669,'Cunrado','Luciano'),(670,'Helling','Maud'),(671,'Van Der Straaten','Timothea'),(672,'Barthot','Jessey'),(673,'Ordemann','Morris'),(674,'Uebel','Cacilia'),(675,'Sedgefield','Thorstein'),(676,'Strooband','Farlie'),(677,'Hanselmann','Rosabella'),(678,'Casari','Aryn'),(679,'Blas','Mignon'),(680,'Clemendot','Axe'),(681,'Dorricott','Ernestus'),(682,'MacMeeking','Kylen'),(683,'Kochel','Livvie'),(684,'Batteson','Loralee'),(685,'Bernolet','Krista'),(686,'Enrico','Jeramey'),(687,'Berthouloume','Dione'),(688,'Ullyatt','Ivett'),(689,'Spinello','Milly'),(690,'Fullerton','Jeniece'),(691,'Kinnett','Mathilda'),(692,'Buffey','Candy'),(693,'Guynemer','Egon'),(694,'Wingeat','Patty'),(695,'Bowker','Fielding'),(696,'Laugherane','Mannie'),(697,'Leteurtre','Tiffi'),(698,'Owtram','Corby'),(699,'Cordelet','Daisie'),(700,'Hriinchenko','Kingston'),(701,'Brolan','Mechelle'),(702,'Wyard','Winny'),(703,'Melbert','Delmer'),(704,'Mullin','Maribeth'),(705,'McCrum','Conway'),(706,'Nyland','Monti'),(707,'Chesterton','Abbey'),(708,'Soigoux','Modesty'),(709,'Goslin','Idalia'),(710,'Cusiter','Greg'),(711,'Scrancher','Gustie'),(712,'Swetman','Iseabal'),(713,'Sadlier','Simone'),(714,'Liddington','Bernadene'),(715,'Hutley','Peder'),(716,'Ginn','Melisande'),(717,'Mitchelhill','Cal'),(718,'Du Plantier','Morie'),(719,'Spellissy','Ulises'),(720,'Hyams','Curran'),(721,'Baldi','Bealle'),(722,'Tabourel','Hanny'),(723,'McCalum','Lin'),(724,'Kemball','Sander'),(725,'Wigley','Peadar'),(726,'Studeart','Layney'),(727,'O\'Calleran','Katya'),(728,'Rego','Charis'),(729,'Houson','Evonne'),(730,'Brownbill','Lolly'),(731,'Dunsmuir','Rennie'),(732,'Rooson','Saba'),(733,'Krojn','Rubie'),(734,'Redholes','Eolande'),(735,'Cossons','Sara-ann'),(736,'MacDavitt','Laurie'),(737,'Clappison','Marrissa'),(738,'Goosnell','Giorgio'),(739,'Mathan','Sindee'),(740,'Spohrmann','Henri'),(741,'Caughtry','Rockie'),(742,'Tringham','Layne'),(743,'Plumbridge','Desmond'),(744,'Howchin','Keely'),(745,'Whetland','Torey'),(746,'Lynds','Pet'),(747,'Willavize','Abdul'),(748,'Schmuhl','Eben'),(749,'Alyutin','Nellie'),(750,'Steffans','Yoshiko'),(751,'Liddle','Zechariah'),(752,'Mickleburgh','Devonne'),(753,'Renn','Kristien'),(754,'Shoorbrooke','Benjy'),(755,'Paulo','Cirilo'),(756,'Goodger','Lee'),(757,'Zimek','Skippy'),(758,'Bocock','Manny'),(759,'Shovelbottom','Gill'),(760,'Spera','Hyacinth'),(761,'Willis','Dionysus'),(762,'MacCallion','Ileana'),(763,'Cejka','Errick'),(764,'MacConnechie','Mendel'),(765,'Folshom','Shaylynn'),(766,'Molen','Forest'),(767,'Swait','Mendie'),(768,'Tiron','Washington'),(769,'Prevett','Abigale'),(770,'Buyers','Merwin'),(771,'Beacon','Lon'),(772,'Bartke','Tally'),(773,'Adamczyk','Daveen'),(774,'Kubalek','Curran'),(775,'Berrisford','Duffy'),(776,'Edgerton','Delmar'),(777,'Charlton','Vincenty'),(778,'Pagan','Bryn'),(779,'Wherry','Dyan'),(780,'Ommanney','Ivonne'),(781,'Otson','Delila'),(782,'Shaddock','Dar'),(783,'Bodker','Anneliese'),(784,'Dobrowlski','Orel'),(785,'Lathaye','Waite'),(786,'Darinton','Eddie'),(787,'Gascone','Pet'),(788,'Gaskal','Othella'),(789,'Antushev','Brander'),(790,'Caldwall','Dell'),(791,'Drakard','Farra'),(792,'Rugg','Ximenez'),(793,'Josskowitz','Farleigh'),(794,'Windeatt','Emery'),(795,'Pretor','Levon'),(796,'Shallcroff','Carce'),(797,'O\'Lenane','Annmarie'),(798,'Ebbotts','Saunderson'),(799,'Schutze','Selena'),(800,'Wabe','Jeri'),(801,'Van Schafflaer','Meg'),(802,'Saffon','Jennine'),(803,'Bartolijn','Alexandrina'),(804,'Belfit','Giavani'),(805,'Windeatt','Manfred'),(806,'Pinnijar','Bond'),(807,'Pautot','Leanora'),(808,'Vurley','Luisa'),(809,'Hearthfield','Nerta'),(810,'Bartali','Faulkner'),(811,'Clutten','Gisella'),(812,'Baudoux','Galvan'),(813,'Clyburn','Dayle'),(814,'Lorant','Ginelle'),(815,'Heasly','Maude'),(816,'Leeman','Gustie'),(817,'Paike','Tracey'),(818,'Calf','Noll'),(819,'MacPeice','Alissa'),(820,'Cometto','Jareb'),(821,'Bilbrook','Pammy'),(822,'Greener','Jammal'),(823,'Upstone','Stanislaus'),(824,'Fowgies','Bradford'),(825,'Twinning','Hedwig'),(826,'Clappison','Weston'),(827,'Sneddon','Britt'),(828,'Kaplan','Cristionna'),(829,'Birney','Niel'),(830,'Etienne','Maryjo'),(831,'Harbisher','Shermie'),(832,'Regina','Keri'),(833,'Hugett','Harriet'),(834,'Chadbourne','Ado'),(835,'Gervaise','Herschel'),(836,'Akaster','Broddie'),(837,'Bettanay','Kore'),(838,'Goodall','Jo-anne'),(839,'D\'Alessio','Johannes'),(840,'Ingleton','Alys'),(841,'Pahlsson','Gerda'),(842,'Nursey','Bondy'),(843,'Henlon','Alvis'),(844,'Sawforde','Joann'),(845,'Ibbitson','Henrie'),(846,'Allibon','Darcie'),(847,'Capstack','Reynard'),(848,'Mucklo','Haleigh'),(849,'Pentony','Nike'),(850,'Green','Berty'),(851,'Stanway','Ferguson'),(852,'Sowerby','Sonni'),(853,'Magenny','Milli'),(854,'Beneix','Lenci'),(855,'Paterson','Ginelle'),(856,'Besnard','Elijah'),(857,'Veeler','Mellicent'),(858,'Janton','Valeda'),(859,'Stollenbecker','Chrissy'),(860,'Younglove','Kennedy'),(861,'Oliva','Kimberley'),(862,'Folomkin','Dore'),(863,'Werrit','Igor'),(864,'Stubbins','Belita'),(865,'Warbey','Reed'),(866,'Pettie','Adrian'),(867,'Yegoshin','Sheff'),(868,'Chrystie','Reese'),(869,'Goning','Whittaker'),(870,'Hinstridge','Orton'),(871,'Lomath','Jemimah'),(872,'Matissoff','Truman'),(873,'Cope','Annette'),(874,'Melbourne','Lisabeth'),(875,'Cordner','Justus'),(876,'Steinhammer','Curcio'),(877,'Beston','Nicole'),(878,'Izakov','Amos'),(879,'Glyne','Otto'),(880,'Andrusov','Randall'),(881,'Ivchenko','Ransell'),(882,'Greenfield','Dennie'),(883,'Martlew','Tandi'),(884,'Aymer','Simon'),(885,'McSperrin','Candie'),(886,'Marlin','Eveline'),(887,'Kenson','Yoko'),(888,'McQuade','Jedd'),(889,'Maffey','Gareth'),(890,'Aggett','Joline'),(891,'Jecks','Kimberlyn'),(892,'MacClay','Kilian'),(893,'McKerley','Gabie'),(894,'Oolahan','Erminia'),(895,'Lodevick','Aggi'),(896,'Decayette','Sabine'),(897,'Butner','Fredi'),(898,'Fontin','Deanna'),(899,'Asplen','Doretta'),(900,'Crang','Christoffer'),(901,'Wooldridge','Tarrah'),(902,'Coneybeare','Forster'),(903,'Gallahue','Alvan'),(904,'Millea','Rebecca'),(905,'Bakster','Hollyanne'),(906,'Havenhand','Orran'),(907,'Blaydon','Candis'),(908,'De Lasci','Marga'),(909,'McKomb','Magdalena'),(910,'Maypes','Livvie'),(911,'Reford','Catlin'),(912,'Crop','Frank'),(913,'Dei','Novelia'),(914,'Cowans','Garth'),(915,'Churchin','Ferris'),(916,'Palphreyman','Merilyn'),(917,'Milius','Celinda'),(918,'Outerbridge','Ajay'),(919,'Cristofor','Lillis'),(920,'Kiefer','Darice'),(921,'Sonner','Fran'),(922,'Woolcocks','Ertha'),(923,'Buller','Gerik'),(924,'Fairley','Bartie'),(925,'Viollet','Samara'),(926,'Mathew','Alisander'),(927,'Hatwell','Keary'),(928,'Klimuk','Belle'),(929,'Laudham','Jennifer'),(930,'Featherston','Lorrayne'),(931,'Brinkman','Morgan'),(932,'Shann','Starlin'),(933,'Yakolev','Vevay'),(934,'Louder','Richie'),(935,'Mowles','Cly'),(936,'Noods','Kinna'),(937,'Ivic','Cybil'),(938,'Stockhill','Gustave'),(939,'Blackey','Mathe'),(940,'Crowson','Tamara'),(941,'Andretti','Fernando'),(942,'Groven','Ediva'),(943,'Danilyuk','Dene'),(944,'Makey','Omero'),(945,'Grigorescu','Justen'),(946,'Morland','Mace'),(947,'Hedgeley','Ashia'),(948,'Capini','Reece'),(949,'Kinsett','Kristal'),(950,'Scutter','Ramona'),(951,'Scirman','Lillis'),(952,'Cleef','Rowe'),(953,'Blundell','Irena'),(954,'McNickle','Quinn'),(955,'Marvelley','Hortensia'),(956,'Offell','Martie'),(957,'Joskowicz','Alina'),(958,'Ovitts','Henrie'),(959,'Jarvis','Johnny'),(960,'Vanes','Durward'),(961,'Alecock','Carlye'),(962,'Emptage','Bertine'),(963,'Shemilt','Wayne'),(964,'Rawkesby','Julie'),(965,'Kellen','Vincenz'),(966,'Mildner','Stevie'),(967,'Chappelow','Cob'),(968,'Kellick','Lesya'),(969,'Iacovides','Barbara-anne'),(970,'Haswell','Willette'),(971,'Christophers','Kathleen'),(972,'De Maine','Edgardo'),(973,'Rackam','Calvin'),(974,'Gettens','Cynthy'),(975,'Peare','Emmit'),(976,'Larcier','Lavinie'),(977,'Crook','Caprice'),(978,'Doody','Alejandra'),(979,'McBrearty','Marietta'),(980,'Pilling','Alanah'),(981,'Jaskiewicz','Bruce'),(982,'Kubin','Armin'),(983,'Eldred','Oberon'),(984,'Hue','Lionello'),(985,'Florentine','Weylin'),(986,'Haggath','Monti'),(987,'Shirtliff','Johnny'),(988,'Bengall','Fredericka'),(989,'Keays','Say'),(990,'Mibourne','Paule'),(991,'Brockherst','Sheffie'),(992,'Kareman','Paul'),(993,'Giovanetti','Elvera'),(994,'Bedinham','Cherianne'),(995,'McQuillen','Seward'),(996,'Levens','Christie'),(997,'Chattell','Joli'),(998,'Seater','Ivonne'),(999,'Pedlow','Cassandra'),(1000,'Kmietsch','Jennee');
/*!40000 ALTER TABLE `translator` ENABLE KEYS */;
UNLOCK TABLES;
/*!40103 SET TIME_ZONE=@OLD_TIME_ZONE */;

/*!40101 SET SQL_MODE=@OLD_SQL_MODE */;
/*!40014 SET FOREIGN_KEY_CHECKS=@OLD_FOREIGN_KEY_CHECKS */;
/*!40014 SET UNIQUE_CHECKS=@OLD_UNIQUE_CHECKS */;
/*!40101 SET CHARACTER_SET_CLIENT=@OLD_CHARACTER_SET_CLIENT */;
/*!40101 SET CHARACTER_SET_RESULTS=@OLD_CHARACTER_SET_RESULTS */;
/*!40101 SET COLLATION_CONNECTION=@OLD_COLLATION_CONNECTION */;
/*!40111 SET SQL_NOTES=@OLD_SQL_NOTES */;

-- Dump completed on 2022-01-06  1:57:30
